timestamp_utc,symbol,direction,spread_bps_per_8h,aligned_basis_bps,adverse_basis_bps,periods_to_overcome_adverse_basis,candidate
2026-09-06T14:51:47+00:00,BTCUSDT,short Bitget / long Gate,0.580000,0.699441,0.000000,0.000000,NO
2026-09-06T14:51:47+00:00,ETHUSDT,short Bitget / long Gate,0.470000,-0.644532,0.644532,1.371345,NO
2026-09-06T14:51:47+00:00,SOLUSDT,flat,0.000000,-0.000000,0.000000,0.000000,NO
2026-09-06T15:14:15+00:00,BTCUSDT,short Bitget / long Gate,0.570000,0.440362,0.000000,0.000000,NO
2026-09-06T15:14:15+00:00,ETHUSDT,short Bitget / long Gate,0.320000,-0.444504,0.444504,1.389074,NO
2026-09-06T15:14:15+00:00,SOLUSDT,flat,0.000000,-0.000000,0.000000,0.000000,NO
2026-09-06T15:17:31+00:00,BTCUSDT,short Bitget / long Gate,0.560000,0.010052,0.000000,0.000000,NO
2026-09-06T15:17:31+00:00,ETHUSDT,short Bitget / long Gate,0.310000,-0.807259,0.807259,2.604061,NO
2026-09-06T15:17:31+00:00,SOLUSDT,flat,0.000000,0.000000,0.000000,0.000000,NO
2026-09-06T15:22:48+00:00,BTCUSDT,short Bitget / long Gate,0.540000,0.487260,0.000000,0.000000,NO
2026-09-06T15:22:48+00:00,ETHUSDT,short Bitget / long Gate,0.280000,-1.855130,1.855130,6.625466,NO
2026-09-06T15:22:48+00:00,SOLUSDT,flat,0.000000,-0.000000,0.000000,0.000000,NO
2026-09-06T15:30:51+00:00,BTCUSDT,short Bitget / long Gate,0.550000,0.175828,0.000000,0.000000,NO
2026-09-06T15:30:51+00:00,ETHUSDT,short Bitget / long Gate,0.230000,-0.968281,0.968281,4.209916,NO
2026-09-06T15:30:51+00:00,SOLUSDT,flat,0.000000,0.000000,0.000000,0.000000,NO
2026-09-06T17:08:58+00:00,BTCUSDT,short Bitget / long Gate,0.680000,-0.316614,0.316614,0.465609,NO
2026-09-06T17:08:58+00:00,ETHUSDT,short Bitget / long Gate,0.250000,0.322280,0.000000,0.000000,NO
2026-09-06T17:08:58+00:00,SOLUSDT,short Bitget / long Gate,0.530000,-1.135396,1.135396,2.142257,NO
2026-09-06T18:05:51+00:00,ETHUSDT,short Bitget / long Gate,0.200000,1.283599,0.000000,0.000000,NO
2026-09-06T18:05:51+00:00,BTCUSDT,short Bitget / long Gate,0.390000,-0.012537,0.012537,0.032147,NO
2026-09-06T18:05:51+00:00,ZECUSDT,long Bitget / short Gate,-1.650000,2.972995,0.000000,0.000000,NO
2026-09-06T18:05:51+00:00,SOLUSDT,short Bitget / long Gate,0.300000,1.976843,0.000000,0.000000,NO
2026-09-06T18:05:51+00:00,DOGEUSDT,short Bitget / long Gate,0.040000,-4.486820,4.486820,112.170499,NO
2026-09-06T18:05:51+00:00,XRPUSDT,short Bitget / long Gate,0.430000,0.000000,0.000000,0.000000,NO
2026-09-06T18:05:51+00:00,ARBUSDT,short Bitget / long Gate,1.640000,0.000000,0.000000,0.000000,NO
2026-09-06T18:05:51+00:00,HYPEUSDT,flat,0.000000,0.000000,0.000000,0.000000,NO
2026-09-06T18:05:51+00:00,UNIUSDT,flat,0.000000,-0.000000,0.000000,0.000000,NO
2026-09-06T18:05:51+00:00,PONSUSDT,long Bitget / short Gate,-26.380000,-4.932034,4.932034,0.186961,YES
2026-09-06T18:05:51+00:00,MARSCOINUSDT,long Bitget / short Gate,-0.480000,-14.204545,14.204545,29.592803,NO
2026-09-06T18:05:51+00:00,ADAUSDT,long Bitget / short Gate,-0.650000,4.576659,0.000000,0.000000,NO
2026-09-06T18:05:51+00:00,ENAUSDT,short Bitget / long Gate,1.740000,-1.725824,1.725824,0.991853,NO
2026-09-06T18:05:51+00:00,USELESSUSDT,short Bitget / long Gate,9.500000,14.301532,0.000000,0.000000,YES
2026-09-06T18:05:51+00:00,SNDKUSDT,flat,0.000000,0.000000,0.000000,0.000000,NO
2026-09-06T18:05:51+00:00,TRUMPUSDT,short Bitget / long Gate,7.280000,8.669267,0.000000,0.000000,YES
2026-09-06T18:05:51+00:00,BNBUSDT,flat,0.000000,-0.000000,0.000000,0.000000,NO
2026-09-06T18:05:51+00:00,UAIUSDT,long Bitget / short Gate,-7.590000,21.082799,0.000000,0.000000,YES
2026-09-06T18:05:51+00:00,MUUSDT,flat,0.000000,0.000000,0.000000,0.000000,NO
2026-09-06T18:05:51+00:00,SUIUSDT,flat,0.000000,-0.000000,0.000000,0.000000,NO
2026-09-06T18:05:51+00:00,DASHUSDT,short Bitget / long Gate,0.970000,8.710801,0.000000,0.000000,NO
2026-09-06T18:05:51+00:00,XAUUSDT,flat,0.000000,-0.000000,0.000000,0.000000,NO
2026-09-06T18:05:51+00:00,TAOUSDT,short Bitget / long Gate,0.200000,16.304348,0.000000,0.000000,NO
2026-09-06T18:05:51+00:00,AKEUSDT,short Bitget / long Gate,8.520000,-7.337316,7.337316,0.861187,YES
2026-09-06T18:05:51+00:00,FLOCKUSDT,short Bitget / long Gate,6.310000,6.889899,0.000000,0.000000,YES
2026-09-06T18:05:51+00:00,NEARUSDT,short Bitget / long Gate,1.390000,0.000000,0.000000,0.000000,NO
2026-09-06T18:05:51+00:00,SOXLUSDT,long Bitget / short Gate,-8.390000,5.651542,0.000000,0.000000,YES
2026-09-06T18:05:51+00:00,PEPEUSDT,flat,0.000000,-0.000000,0.000000,0.000000,NO
2026-09-06T18:05:51+00:00,WLDUSDT,short Bitget / long Gate,1.430000,4.869735,0.000000,0.000000,NO
2026-09-06T18:05:51+00:00,PUMPUSDT,flat,0.000000,-0.000000,0.000000,0.000000,NO
2026-09-06T18:05:51+00:00,LINKUSDT,short Bitget / long Gate,0.070000,-2.437439,2.437439,34.820558,NO
2026-09-06T18:05:51+00:00,LTCUSDT,short Bitget / long Gate,0.480000,-1.846381,1.846381,3.846627,NO
2026-09-06T18:05:51+00:00,RAYUSDT,long Bitget / short Gate,-0.840000,9.551098,0.000000,0.000000,NO
2026-09-06T18:05:51+00:00,SPCXUSDT,flat,0.000000,0.000000,0.000000,0.000000,NO
2026-09-06T18:05:51+00:00,ONDOUSDT,flat,0.000000,0.000000,0.000000,0.000000,NO
2026-09-06T18:05:51+00:00,FILUSDT,short Bitget / long Gate,0.740000,-5.041593,5.041593,6.812964,NO
2026-09-06T18:05:51+00:00,CLUSDT,flat,0.000000,-0.000000,0.000000,0.000000,NO
2026-09-06T18:05:51+00:00,ASTERUSDT,short Bitget / long Gate,0.540000,1.313715,0.000000,0.000000,NO
2026-09-06T18:05:51+00:00,SKHYNIXUSDT,flat,0.000000,0.000000,0.000000,0.000000,NO
2026-09-06T18:23:15+00:00,ETHUSDT,short Bitget / long Gate,0.280000,0.320823,0.000000,0.000000,NO
2026-09-06T18:23:15+00:00,BTCUSDT,short Bitget / long Gate,0.400000,0.247929,0.000000,0.000000,NO
2026-09-06T18:23:15+00:00,ZECUSDT,long Bitget / short Gate,-1.530000,-0.407432,0.407432,0.266295,NO
2026-09-06T18:23:15+00:00,SOLUSDT,short Bitget / long Gate,0.410000,-1.882176,1.882176,4.590673,NO
2026-09-06T18:23:15+00:00,DOGEUSDT,long Bitget / short Gate,-0.100000,1.120699,0.000000,0.000000,NO
2026-09-06T18:23:15+00:00,XRPUSDT,short Bitget / long Gate,0.410000,0.707965,0.000000,0.000000,NO
2026-09-06T18:23:15+00:00,ARBUSDT,short Bitget / long Gate,1.540000,2.166143,0.000000,0.000000,NO
2026-09-06T18:23:15+00:00,HYPEUSDT,flat,0.000000,0.000000,0.000000,0.000000,NO
2026-09-06T18:23:15+00:00,UNIUSDT,flat,0.000000,-0.000000,0.000000,0.000000,NO
2026-09-06T18:23:15+00:00,PONSUSDT,long Bitget / short Gate,-25.460000,-9.349289,9.349289,0.367215,YES
2026-09-06T18:23:15+00:00,MARSCOINUSDT,short Bitget / long Gate,1.200000,24.410090,0.000000,0.000000,NO
2026-09-06T18:23:15+00:00,ADAUSDT,long Bitget / short Gate,-0.640000,4.564126,0.000000,0.000000,NO
2026-09-06T18:23:15+00:00,ENAUSDT,short Bitget / long Gate,1.600000,2.297266,0.000000,0.000000,NO
2026-09-06T18:23:15+00:00,USELESSUSDT,short Bitget / long Gate,8.980000,7.166853,0.000000,0.000000,YES
2026-09-06T18:23:15+00:00,SNDKUSDT,flat,0.000000,0.000000,0.000000,0.000000,NO
2026-09-06T18:23:15+00:00,TRUMPUSDT,short Bitget / long Gate,6.860000,8.650519,0.000000,0.000000,YES
2026-09-06T18:23:15+00:00,BNBUSDT,flat,0.000000,-0.000000,0.000000,0.000000,NO
2026-09-06T18:23:15+00:00,UAIUSDT,long Bitget / short Gate,-8.230000,3.337728,0.000000,0.000000,YES
2026-09-06T18:23:15+00:00,MUUSDT,flat,0.000000,0.000000,0.000000,0.000000,NO
2026-09-06T18:23:15+00:00,SUIUSDT,flat,0.000000,-0.000000,0.000000,0.000000,NO
2026-09-06T18:23:15+00:00,DASHUSDT,short Bitget / long Gate,0.710000,1.416230,0.000000,0.000000,NO
2026-09-06T18:23:15+00:00,XAUUSDT,flat,0.000000,-0.000000,0.000000,0.000000,NO
2026-09-06T18:23:15+00:00,TAOUSDT,flat,0.000000,-0.000000,0.000000,0.000000,NO
2026-09-06T18:23:15+00:00,NEARUSDT,short Bitget / long Gate,1.750000,-4.622626,4.622626,2.641500,NO
2026-09-06T18:23:15+00:00,FLOCKUSDT,short Bitget / long Gate,4.450000,-1.365934,1.365934,0.306951,YES
2026-09-06T18:23:15+00:00,SOXLUSDT,long Bitget / short Gate,-7.730000,3.233368,0.000000,0.000000,YES
2026-09-06T18:23:15+00:00,AKEUSDT,short Bitget / long Gate,10.660000,-5.309318,5.309318,0.498060,YES
2026-09-06T18:23:15+00:00,PEPEUSDT,flat,0.000000,0.000000,0.000000,0.000000,NO
2026-09-06T18:23:15+00:00,WLDUSDT,short Bitget / long Gate,1.310000,9.725261,0.000000,0.000000,NO
2026-09-06T18:23:15+00:00,PUMPUSDT,flat,0.000000,0.000000,0.000000,0.000000,NO
2026-09-06T18:23:15+00:00,LINKUSDT,flat,0.000000,0.000000,0.000000,0.000000,NO
2026-09-06T18:23:15+00:00,LTCUSDT,short Bitget / long Gate,0.460000,0.000000,0.000000,0.000000,NO
2026-09-06T18:23:15+00:00,RAYUSDT,long Bitget / short Gate,-2.080000,9.473838,0.000000,0.000000,YES
2026-09-06T18:23:15+00:00,SPCXUSDT,flat,0.000000,0.000000,0.000000,0.000000,NO
2026-09-06T18:23:15+00:00,ONDOUSDT,flat,0.000000,0.000000,0.000000,0.000000,NO
2026-09-06T18:23:15+00:00,FILUSDT,short Bitget / long Gate,0.330000,-6.301197,6.301197,19.094537,NO
2026-09-06T18:23:15+00:00,CLUSDT,flat,0.000000,-0.000000,0.000000,0.000000,NO
2026-09-06T18:23:15+00:00,ASTERUSDT,short Bitget / long Gate,0.440000,2.616431,0.000000,0.000000,NO
2026-09-06T18:23:15+00:00,SKHYNIXUSDT,flat,0.000000,0.000000,0.000000,0.000000,NO
2026-09-06T18:56:21+00:00,ETHUSDT,short Bitget / long Gate,0.250000,0.601861,0.000000,0.000000,NO
2026-09-06T18:56:21+00:00,BTCUSDT,short Bitget / long Gate,0.430000,0.726030,0.000000,0.000000,NO
2026-09-06T18:56:21+00:00,ZECUSDT,long Bitget / short Gate,-1.480000,-0.652821,0.652821,0.441096,NO
2026-09-06T18:56:21+00:00,SOLUSDT,short Bitget / long Gate,0.540000,-0.283473,0.283473,0.524951,NO
2026-09-06T18:56:21+00:00,DOGEUSDT,short Bitget / long Gate,0.010000,-3.357958,3.357958,335.795836,NO
2026-09-06T18:56:21+00:00,XRPUSDT,short Bitget / long Gate,0.390000,0.000000,0.000000,0.000000,NO
2026-09-06T18:56:21+00:00,ARBUSDT,short Bitget / long Gate,1.750000,2.157963,0.000000,0.000000,NO
2026-09-06T18:56:21+00:00,HYPEUSDT,flat,0.000000,0.000000,0.000000,0.000000,NO
2026-09-06T18:56:21+00:00,UNIUSDT,flat,0.000000,-0.000000,0.000000,0.000000,NO
2026-09-06T18:56:21+00:00,PONSUSDT,long Bitget / short Gate,-25.920000,-14.392060,14.392060,0.555249,YES
2026-09-06T18:56:21+00:00,MARSCOINUSDT,long Bitget / short Gate,-1.160000,-20.386798,20.386798,17.574826,NO
2026-09-06T18:56:21+00:00,ADAUSDT,long Bitget / short Gate,-0.700000,-4.559964,4.559964,6.514234,NO
2026-09-06T18:56:21+00:00,ENAUSDT,short Bitget / long Gate,1.520000,1.714286,0.000000,0.000000,NO
2026-09-06T18:56:21+00:00,USELESSUSDT,short Bitget / long Gate,10.280000,4.941599,0.000000,0.000000,YES
2026-09-06T18:56:21+00:00,SNDKUSDT,flat,0.000000,0.000000,0.000000,0.000000,NO
2026-09-06T18:56:21+00:00,TRUMPUSDT,short Bitget / long Gate,6.940000,4.344049,0.000000,0.000000,YES
2026-09-06T18:56:21+00:00,UAIUSDT,long Bitget / short Gate,-5.050000,8.462671,0.000000,0.000000,YES
2026-09-06T18:56:21+00:00,MUUSDT,flat,0.000000,0.000000,0.000000,0.000000,NO
2026-09-06T18:56:21+00:00,BNBUSDT,flat,0.000000,-0.000000,0.000000,0.000000,NO
2026-09-06T18:56:21+00:00,SUIUSDT,flat,0.000000,-0.000000,0.000000,0.000000,NO
2026-09-06T18:56:21+00:00,DASHUSDT,short Bitget / long Gate,0.750000,2.822467,0.000000,0.000000,NO
2026-09-06T18:56:21+00:00,XAUUSDT,flat,0.000000,-0.000000,0.000000,0.000000,NO
2026-09-06T18:56:21+00:00,TAOUSDT,flat,0.000000,-0.000000,0.000000,0.000000,NO
2026-09-06T18:56:21+00:00,NEARUSDT,short Bitget / long Gate,1.120000,-4.974299,4.974299,4.441339,NO
2026-09-06T18:56:21+00:00,FLOCKUSDT,short Bitget / long Gate,1.690000,-2.744614,2.744614,1.624032,NO
2026-09-06T18:56:21+00:00,SOXLUSDT,long Bitget / short Gate,-5.970000,3.223986,0.000000,0.000000,YES
2026-09-06T18:56:21+00:00,AKEUSDT,short Bitget / long Gate,14.500000,-4.041127,4.041127,0.278698,YES
2026-09-06T18:56:21+00:00,PEPEUSDT,flat,0.000000,0.000000,0.000000,0.000000,NO
2026-09-06T18:56:21+00:00,PUMPUSDT,flat,0.000000,0.000000,0.000000,0.000000,NO
2026-09-06T18:56:21+00:00,WLDUSDT,short Bitget / long Gate,1.610000,4.844961,0.000000,0.000000,NO
2026-09-06T18:56:21+00:00,LINKUSDT,flat,0.000000,0.000000,0.000000,0.000000,NO
2026-09-06T18:56:21+00:00,LTCUSDT,short Bitget / long Gate,0.850000,-1.845018,1.845018,2.170610,NO
2026-09-06T18:56:21+00:00,RAYUSDT,long Bitget / short Gate,-1.420000,-5.030543,5.030543,3.542636,NO
2026-09-06T18:56:21+00:00,SPCXUSDT,flat,0.000000,0.000000,0.000000,0.000000,NO
2026-09-06T18:56:21+00:00,ONDOUSDT,flat,0.000000,0.000000,0.000000,0.000000,NO
2026-09-06T18:56:21+00:00,FILUSDT,long Bitget / short Gate,-0.270000,6.301991,0.000000,0.000000,NO
2026-09-06T18:56:21+00:00,ASTERUSDT,short Bitget / long Gate,0.700000,10.409889,0.000000,0.000000,NO
2026-09-06T18:56:21+00:00,CLUSDT,flat,0.000000,-0.000000,0.000000,0.000000,NO
2026-09-06T18:56:21+00:00,SKHYNIXUSDT,flat,0.000000,0.000000,0.000000,0.000000,NO
2026-09-06T19:08:48+00:00,ETHUSDT,short Bitget / long Gate,0.250000,0.040149,0.000000,0.000000,NO
2026-09-06T19:08:48+00:00,BTCUSDT,short Bitget / long Gate,0.510000,0.215455,0.000000,0.000000,NO
2026-09-06T19:08:48+00:00,ZECUSDT,long Bitget / short Gate,-1.510000,0.408664,0.000000,0.000000,NO
2026-09-06T19:08:48+00:00,SOLUSDT,short Bitget / long Gate,0.520000,-0.661563,0.661563,1.272237,NO
2026-09-06T19:08:48+00:00,DOGEUSDT,long Bitget / short Gate,-0.050000,2.238388,0.000000,0.000000,NO
2026-09-06T19:08:48+00:00,XRPUSDT,short Bitget / long Gate,0.420000,-0.708667,0.708667,1.687302,NO
2026-09-06T19:08:48+00:00,ARBUSDT,short Bitget / long Gate,1.220000,2.740477,0.000000,0.000000,NO
2026-09-06T19:08:48+00:00,HYPEUSDT,flat,0.000000,0.000000,0.000000,0.000000,NO
2026-09-06T19:08:48+00:00,UNIUSDT,flat,0.000000,-0.000000,0.000000,0.000000,NO
2026-09-06T19:08:48+00:00,PONSUSDT,long Bitget / short Gate,-26.600000,-16.397547,16.397547,0.616449,YES
2026-09-06T19:08:48+00:00,ADAUSDT,long Bitget / short Gate,-0.590000,-4.562044,4.562044,7.732278,NO
2026-09-06T19:08:48+00:00,MARSCOINUSDT,long Bitget / short Gate,-2.860000,-19.133002,19.133002,6.689861,YES
2026-09-06T19:08:48+00:00,ENAUSDT,short Bitget / long Gate,1.500000,0.570516,0.000000,0.000000,NO
2026-09-06T19:08:48+00:00,USELESSUSDT,short Bitget / long Gate,10.320000,7.629134,0.000000,0.000000,YES
2026-09-06T19:08:48+00:00,SNDKUSDT,flat,0.000000,0.000000,0.000000,0.000000,NO
2026-09-06T19:08:48+00:00,TRUMPUSDT,short Bitget / long Gate,6.880000,8.699435,0.000000,0.000000,YES
2026-09-06T19:08:48+00:00,MUUSDT,flat,0.000000,0.000000,0.000000,0.000000,NO
2026-09-06T19:08:48+00:00,UAIUSDT,long Bitget / short Gate,-4.680000,14.615217,0.000000,0.000000,YES
2026-09-06T19:08:48+00:00,BNBUSDT,flat,0.000000,-0.000000,0.000000,0.000000,NO
2026-09-06T19:08:48+00:00,SUIUSDT,flat,0.000000,-0.000000,0.000000,0.000000,NO
2026-09-06T19:08:48+00:00,DASHUSDT,short Bitget / long Gate,0.830000,-5.706948,5.706948,6.875841,NO
2026-09-06T19:08:48+00:00,XAUUSDT,flat,0.000000,-0.000000,0.000000,0.000000,NO
2026-09-06T19:08:48+00:00,TAOUSDT,flat,0.000000,0.000000,0.000000,0.000000,NO
2026-09-06T19:08:48+00:00,NEARUSDT,short Bitget / long Gate,0.880000,-2.488078,2.488078,2.827361,NO
2026-09-06T19:08:48+00:00,SOXLUSDT,long Bitget / short Gate,-5.290000,2.410413,0.000000,0.000000,YES
2026-09-06T19:08:48+00:00,FLOCKUSDT,short Bitget / long Gate,1.570000,15.187077,0.000000,0.000000,NO
2026-09-06T19:08:48+00:00,AKEUSDT,short Bitget / long Gate,14.420000,-8.522164,8.522164,0.590996,YES
2026-09-06T19:08:48+00:00,PEPEUSDT,flat,0.000000,0.000000,0.000000,0.000000,NO
2026-09-06T19:08:48+00:00,WLDUSDT,short Bitget / long Gate,1.900000,7.270965,0.000000,0.000000,NO
2026-09-06T19:08:48+00:00,PUMPUSDT,flat,0.000000,0.000000,0.000000,0.000000,NO
2026-09-06T19:08:48+00:00,LINKUSDT,flat,0.000000,0.000000,0.000000,0.000000,NO
2026-09-06T19:08:48+00:00,RAYUSDT,long Bitget / short Gate,-1.660000,13.669065,0.000000,0.000000,NO
2026-09-06T19:08:48+00:00,LTCUSDT,short Bitget / long Gate,0.960000,0.000000,0.000000,0.000000,NO
2026-09-06T19:08:48+00:00,SPCXUSDT,flat,0.000000,0.000000,0.000000,0.000000,NO
2026-09-06T19:08:48+00:00,ONDOUSDT,flat,0.000000,0.000000,0.000000,0.000000,NO
2026-09-06T19:08:48+00:00,FILUSDT,long Bitget / short Gate,-0.440000,6.308352,0.000000,0.000000,NO
2026-09-06T19:08:48+00:00,CLUSDT,flat,0.000000,-0.000000,0.000000,0.000000,NO
2026-09-06T19:08:48+00:00,ASTERUSDT,short Bitget / long Gate,1.080000,0.000000,0.000000,0.000000,NO
2026-09-06T19:08:48+00:00,SKHYNIXUSDT,flat,0.000000,0.000000,0.000000,0.000000,NO
2026-09-06T20:25:45+00:00,ETHUSDT,short Bitget / long Gate,0.070000,0.641365,0.000000,0.000000,NO
2026-09-06T20:25:45+00:00,BTCUSDT,short Bitget / long Gate,0.460000,1.139049,0.000000,0.000000,NO
2026-09-06T20:25:45+00:00,ZECUSDT,long Bitget / short Gate,-1.370000,0.082165,0.000000,0.000000,NO
2026-09-06T20:25:45+00:00,SOLUSDT,short Bitget / long Gate,0.090000,-1.420320,1.420320,15.781334,NO
2026-09-06T20:25:45+00:00,DOGEUSDT,long Bitget / short Gate,-0.210000,3.334815,0.000000,0.000000,NO
2026-09-06T20:25:45+00:00,XRPUSDT,short Bitget / long Gate,0.300000,-0.707164,0.707164,2.357212,NO
2026-09-06T20:25:45+00:00,HYPEUSDT,flat,0.000000,0.000000,0.000000,0.000000,NO
2026-09-06T20:25:45+00:00,ARBUSDT,short Bitget / long Gate,0.920000,-5.434783,5.434783,5.907372,NO
2026-09-06T20:25:45+00:00,PONSUSDT,long Bitget / short Gate,-2.440000,-15.704979,15.704979,6.436467,YES
2026-09-06T20:25:45+00:00,UNIUSDT,flat,0.000000,0.000000,0.000000,0.000000,NO
2026-09-06T20:25:45+00:00,MARSCOINUSDT,short Bitget / long Gate,1.340000,23.786870,0.000000,0.000000,NO
2026-09-06T20:25:45+00:00,ADAUSDT,long Bitget / short Gate,-0.920000,-0.000000,0.000000,0.000000,NO
2026-09-06T20:25:45+00:00,ENAUSDT,short Bitget / long Gate,3.040000,-0.569249,0.569249,0.187253,YES
2026-09-06T20:25:45+00:00,SNDKUSDT,flat,0.000000,0.000000,0.000000,0.000000,NO
2026-09-06T20:25:45+00:00,USELESSUSDT,long Bitget / short Gate,-5.520000,-21.977036,21.977036,3.981347,YES
2026-09-06T20:25:45+00:00,MUUSDT,flat,0.000000,0.000000,0.000000,0.000000,NO
2026-09-06T20:25:45+00:00,TRUMPUSDT,short Bitget / long Gate,4.460000,8.631852,0.000000,0.000000,YES
2026-09-06T20:25:45+00:00,UAIUSDT,long Bitget / short Gate,-2.800000,9.252437,0.000000,0.000000,YES
2026-09-06T20:25:45+00:00,TAOUSDT,flat,0.000000,-0.000000,0.000000,0.000000,NO
2026-09-06T20:25:45+00:00,SUIUSDT,flat,0.000000,-0.000000,0.000000,0.000000,NO
2026-09-06T20:25:45+00:00,XAUUSDT,flat,0.000000,-0.000000,0.000000,0.000000,NO
2026-09-06T20:25:45+00:00,BNBUSDT,flat,0.000000,-0.000000,0.000000,0.000000,NO
2026-09-06T20:25:45+00:00,DASHUSDT,short Bitget / long Gate,0.550000,1.418037,0.000000,0.000000,NO
2026-09-06T20:25:45+00:00,SOXLUSDT,long Bitget / short Gate,-4.980000,4.824702,0.000000,0.000000,YES
2026-09-06T20:25:45+00:00,NEARUSDT,short Bitget / long Gate,0.510000,-2.892562,2.892562,5.671690,NO
2026-09-06T20:25:45+00:00,FLOCKUSDT,short Bitget / long Gate,1.900000,-12.168740,12.168740,6.404600,NO
2026-09-06T20:25:45+00:00,AKEUSDT,short Bitget / long Gate,29.380000,-9.081421,9.081421,0.309102,YES
2026-09-06T20:25:45+00:00,PEPEUSDT,flat,0.000000,0.000000,0.000000,0.000000,NO
2026-09-06T20:25:45+00:00,RAYUSDT,long Bitget / short Gate,-5.120000,-12.597433,12.597433,2.460436,YES
2026-09-06T20:25:45+00:00,PUMPUSDT,flat,0.000000,0.000000,0.000000,0.000000,NO
2026-09-06T20:25:45+00:00,WLDUSDT,short Bitget / long Gate,1.060000,2.411963,0.000000,0.000000,NO
2026-09-06T20:25:45+00:00,LINKUSDT,flat,0.000000,0.000000,0.000000,0.000000,NO
2026-09-06T20:25:45+00:00,LTCUSDT,short Bitget / long Gate,1.370000,0.000000,0.000000,0.000000,NO
2026-09-06T20:25:45+00:00,SPCXUSDT,flat,0.000000,0.000000,0.000000,0.000000,NO
2026-09-06T20:25:45+00:00,ONDOUSDT,flat,0.000000,0.000000,0.000000,0.000000,NO
2026-09-06T20:25:45+00:00,FILUSDT,long Bitget / short Gate,-0.610000,2.492212,0.000000,0.000000,NO
2026-09-06T20:25:45+00:00,SKHYNIXUSDT,flat,0.000000,0.000000,0.000000,0.000000,NO
2026-09-06T20:25:45+00:00,ASTERUSDT,flat,0.000000,-0.000000,0.000000,0.000000,NO
2026-09-06T20:25:45+00:00,BCHUSDT,short Bitget / long Gate,0.880000,-3.111509,3.111509,3.535805,NO
2026-09-06T21:11:35+00:00,ETHUSDT,short Bitget / long Gate,0.060000,0.239085,0.000000,0.000000,NO
2026-09-06T21:11:35+00:00,BTCUSDT,short Bitget / long Gate,0.510000,0.463986,0.000000,0.000000,NO
2026-09-06T21:11:35+00:00,ZECUSDT,long Bitget / short Gate,-1.360000,1.473743,0.000000,0.000000,NO
2026-09-06T21:11:35+00:00,SOLUSDT,long Bitget / short Gate,-0.080000,1.886970,0.000000,0.000000,NO
2026-09-06T21:11:35+00:00,DOGEUSDT,long Bitget / short Gate,-0.300000,4.435573,0.000000,0.000000,NO
2026-09-06T21:11:35+00:00,XRPUSDT,short Bitget / long Gate,0.240000,-1.405580,1.405580,5.856584,NO
2026-09-06T21:11:35+00:00,HYPEUSDT,flat,0.000000,0.000000,0.000000,0.000000,NO
2026-09-06T21:11:35+00:00,ARBUSDT,short Bitget / long Gate,1.330000,-1.615248,1.615248,1.214472,NO
2026-09-06T21:11:35+00:00,PONSUSDT,long Bitget / short Gate,-19.080000,-28.763409,28.763409,1.507516,YES
2026-09-06T21:11:35+00:00,UNIUSDT,flat,0.000000,-0.000000,0.000000,0.000000,NO
2026-09-06T21:11:35+00:00,ADAUSDT,long Bitget / short Gate,-0.840000,-0.000000,0.000000,0.000000,NO
2026-09-06T21:11:35+00:00,MARSCOINUSDT,short Bitget / long Gate,0.040000,5.462690,0.000000,0.000000,NO
2026-09-06T21:11:35+00:00,SNDKUSDT,flat,0.000000,0.000000,0.000000,0.000000,NO
2026-09-06T21:11:35+00:00,ENAUSDT,short Bitget / long Gate,1.540000,-1.136622,1.136622,0.738066,NO
2026-09-06T21:11:35+00:00,MUUSDT,flat,0.000000,0.000000,0.000000,0.000000,NO
2026-09-06T21:11:35+00:00,USELESSUSDT,short Bitget / long Gate,0.980000,5.914737,0.000000,0.000000,NO
2026-09-06T21:11:35+00:00,TRUMPUSDT,short Bitget / long Gate,3.720000,8.594757,0.000000,0.000000,YES
2026-09-06T21:11:35+00:00,TAOUSDT,flat,0.000000,0.000000,0.000000,0.000000,NO
2026-09-06T21:11:35+00:00,SUIUSDT,flat,0.000000,-0.000000,0.000000,0.000000,NO
2026-09-06T21:11:35+00:00,UAIUSDT,long Bitget / short Gate,-2.970000,-3.121532,3.121532,1.051021,YES
2026-09-06T21:11:35+00:00,XAUUSDT,long Bitget / short Gate,-0.380000,5.779081,0.000000,0.000000,NO
2026-09-06T21:11:35+00:00,DASHUSDT,short Bitget / long Gate,0.310000,0.000000,0.000000,0.000000,NO
2026-09-06T21:11:35+00:00,BNBUSDT,flat,0.000000,-0.000000,0.000000,0.000000,NO
2026-09-06T21:11:35+00:00,SOXLUSDT,long Bitget / short Gate,-3.760000,4.812706,0.000000,0.000000,YES
2026-09-06T21:11:35+00:00,NEARUSDT,short Bitget / long Gate,0.460000,-7.005110,7.005110,15.228499,NO
2026-09-06T21:11:35+00:00,FLOCKUSDT,short Bitget / long Gate,2.740000,-14.511873,14.511873,5.296304,YES
2026-09-06T21:11:35+00:00,AKEUSDT,short Bitget / long Gate,26.440000,-1.585026,1.585026,0.059948,YES
2026-09-06T21:11:35+00:00,LINKUSDT,flat,0.000000,-0.000000,0.000000,0.000000,NO
2026-09-06T21:11:35+00:00,PEPEUSDT,flat,0.000000,0.000000,0.000000,0.000000,NO
2026-09-06T21:11:35+00:00,RAYUSDT,long Bitget / short Gate,-1.520000,1.637733,0.000000,0.000000,NO
2026-09-06T21:11:35+00:00,PUMPUSDT,flat,0.000000,0.000000,0.000000,0.000000,NO
2026-09-06T21:11:35+00:00,WLDUSDT,short Bitget / long Gate,1.090000,0.000000,0.000000,0.000000,NO
2026-09-06T21:11:35+00:00,LTCUSDT,short Bitget / long Gate,1.390000,-1.834189,1.834189,1.319561,NO
2026-09-06T21:11:35+00:00,SPCXUSDT,flat,0.000000,0.000000,0.000000,0.000000,NO
2026-09-06T21:11:35+00:00,ONDOUSDT,flat,0.000000,0.000000,0.000000,0.000000,NO
2026-09-06T21:11:35+00:00,FILUSDT,short Bitget / long Gate,0.180000,-4.959702,4.959702,27.553902,NO
2026-09-06T21:11:35+00:00,SKHYNIXUSDT,flat,0.000000,0.000000,0.000000,0.000000,NO
2026-09-06T21:11:35+00:00,ASTERUSDT,flat,0.000000,-0.000000,0.000000,0.000000,NO
2026-09-06T21:11:35+00:00,BCHUSDT,short Bitget / long Gate,0.700000,-3.479471,3.479471,4.970673,NO
2026-09-06T21:18:51+00:00,ETHUSDT,short Bitget / long Gate,0.050000,1.670332,0.000000,0.000000,NO
2026-09-06T21:18:51+00:00,BTCUSDT,short Bitget / long Gate,0.520000,0.850063,0.000000,0.000000,NO
2026-09-06T21:18:51+00:00,ZECUSDT,long Bitget / short Gate,-1.410000,-0.407598,0.407598,0.289076,NO
2026-09-06T21:18:51+00:00,SOLUSDT,long Bitget / short Gate,-0.130000,0.094162,0.000000,0.000000,NO
2026-09-06T21:18:51+00:00,DOGEUSDT,long Bitget / short Gate,-0.340000,3.316383,0.000000,0.000000,NO
2026-09-06T21:18:51+00:00,XRPUSDT,short Bitget / long Gate,0.280000,2.103787,0.000000,0.000000,NO
2026-09-06T21:18:51+00:00,HYPEUSDT,flat,0.000000,0.000000,0.000000,0.000000,NO
2026-09-06T21:18:51+00:00,ARBUSDT,short Bitget / long Gate,1.530000,-9.068118,9.068118,5.926874,NO
2026-09-06T21:18:51+00:00,PONSUSDT,long Bitget / short Gate,-19.300000,-28.454810,28.454810,1.474343,YES
2026-09-06T21:18:51+00:00,UNIUSDT,flat,0.000000,-0.000000,0.000000,0.000000,NO
2026-09-06T21:18:51+00:00,ADAUSDT,long Bitget / short Gate,-0.710000,-0.000000,0.000000,0.000000,NO
2026-09-06T21:18:51+00:00,MARSCOINUSDT,long Bitget / short Gate,-2.380000,-24.937656,24.937656,10.478007,YES
2026-09-06T21:18:51+00:00,SNDKUSDT,flat,0.000000,0.000000,0.000000,0.000000,NO
2026-09-06T21:18:51+00:00,ENAUSDT,short Bitget / long Gate,1.460000,1.695682,0.000000,0.000000,NO
2026-09-06T21:18:51+00:00,MUUSDT,flat,0.000000,0.000000,0.000000,0.000000,NO
2026-09-06T21:18:51+00:00,USELESSUSDT,short Bitget / long Gate,1.780000,9.877874,0.000000,0.000000,NO
2026-09-06T21:18:51+00:00,SUIUSDT,flat,0.000000,0.000000,0.000000,0.000000,NO
2026-09-06T21:18:51+00:00,TAOUSDT,flat,0.000000,0.000000,0.000000,0.000000,NO
2026-09-06T21:18:51+00:00,TRUMPUSDT,short Bitget / long Gate,3.560000,8.568980,0.000000,0.000000,YES
2026-09-06T21:18:51+00:00,UAIUSDT,long Bitget / short Gate,-2.810000,20.601493,0.000000,0.000000,YES
2026-09-06T21:18:51+00:00,XAUUSDT,long Bitget / short Gate,-0.420000,3.429293,0.000000,0.000000,NO
2026-09-06T21:18:51+00:00,DASHUSDT,short Bitget / long Gate,0.250000,2.822865,0.000000,0.000000,NO
2026-09-06T21:18:51+00:00,BNBUSDT,flat,0.000000,-0.000000,0.000000,0.000000,NO
2026-09-06T21:18:51+00:00,SOXLUSDT,long Bitget / short Gate,-3.810000,3.216468,0.000000,0.000000,YES
2026-09-06T21:18:51+00:00,NEARUSDT,short Bitget / long Gate,0.520000,-2.467207,2.467207,4.744628,NO
2026-09-06T21:18:51+00:00,FLOCKUSDT,short Bitget / long Gate,2.920000,-6.433350,6.433350,2.203202,YES
2026-09-06T21:18:51+00:00,AKEUSDT,short Bitget / long Gate,23.500000,-17.063903,17.063903,0.726124,YES
2026-09-06T21:18:51+00:00,LINKUSDT,flat,0.000000,-0.000000,0.000000,0.000000,NO
2026-09-06T21:18:51+00:00,PEPEUSDT,flat,0.000000,0.000000,0.000000,0.000000,NO
2026-09-06T21:18:51+00:00,RAYUSDT,long Bitget / short Gate,-1.360000,-3.226067,3.226067,2.372108,NO
2026-09-06T21:18:51+00:00,PUMPUSDT,flat,0.000000,0.000000,0.000000,0.000000,NO
2026-09-06T21:18:51+00:00,WLDUSDT,short Bitget / long Gate,0.970000,0.000000,0.000000,0.000000,NO
2026-09-06T21:18:51+00:00,LTCUSDT,short Bitget / long Gate,1.400000,-3.652968,3.652968,2.609263,NO
2026-09-06T21:18:51+00:00,SPCXUSDT,flat,0.000000,0.000000,0.000000,0.000000,NO
2026-09-06T21:18:51+00:00,ONDOUSDT,flat,0.000000,0.000000,0.000000,0.000000,NO
2026-09-06T21:18:51+00:00,FILUSDT,short Bitget / long Gate,0.200000,-4.954174,4.954174,24.770869,NO
2026-09-06T21:18:51+00:00,SKHYNIXUSDT,flat,0.000000,0.000000,0.000000,0.000000,NO
2026-09-06T21:18:51+00:00,ASTERUSDT,flat,0.000000,0.000000,0.000000,0.000000,NO
2026-09-06T21:18:51+00:00,BCHUSDT,short Bitget / long Gate,0.630000,-4.621072,4.621072,7.335035,NO
2026-09-06T22:22:47+00:00,ETHUSDT,short Bitget / long Gate,0.090000,0.521251,0.000000,0.000000,NO
2026-09-06T22:22:47+00:00,BTCUSDT,short Bitget / long Gate,0.530000,-0.313841,0.313841,0.592153,NO
2026-09-06T22:22:47+00:00,ZECUSDT,long Bitget / short Gate,-1.320000,-0.572621,0.572621,0.433803,NO
2026-09-06T22:22:47+00:00,SOLUSDT,long Bitget / short Gate,-0.120000,0.380337,0.000000,0.000000,NO
2026-09-06T22:22:47+00:00,DOGEUSDT,long Bitget / short Gate,-0.170000,3.342246,0.000000,0.000000,NO
2026-09-06T22:22:47+00:00,XRPUSDT,short Bitget / long Gate,0.180000,1.417836,0.000000,0.000000,NO
2026-09-06T22:22:47+00:00,HYPEUSDT,flat,0.000000,0.000000,0.000000,0.000000,NO
2026-09-06T22:22:47+00:00,ARBUSDT,short Bitget / long Gate,1.310000,2.654632,0.000000,0.000000,NO
2026-09-06T22:22:47+00:00,PONSUSDT,long Bitget / short Gate,-17.160000,10.924267,0.000000,0.000000,YES
2026-09-06T22:22:47+00:00,UNIUSDT,flat,0.000000,-0.000000,0.000000,0.000000,NO
2026-09-06T22:22:47+00:00,ADAUSDT,long Bitget / short Gate,-0.940000,4.555809,0.000000,0.000000,NO
2026-09-06T22:22:47+00:00,MARSCOINUSDT,short Bitget / long Gate,1.000000,-2.740477,2.740477,2.740477,NO
2026-09-06T22:22:47+00:00,SNDKUSDT,flat,0.000000,0.000000,0.000000,0.000000,NO
2026-09-06T22:22:47+00:00,ENAUSDT,short Bitget / long Gate,2.040000,-1.144361,1.144361,0.560961,YES
2026-09-06T22:22:47+00:00,MUUSDT,flat,0.000000,0.000000,0.000000,0.000000,NO
2026-09-06T22:22:47+00:00,XAUUSDT,flat,0.000000,-0.000000,0.000000,0.000000,NO
2026-09-06T22:22:47+00:00,SUIUSDT,flat,0.000000,-0.000000,0.000000,0.000000,NO
2026-09-06T22:22:47+00:00,USELESSUSDT,long Bitget / short Gate,-0.500000,-13.066006,13.066006,26.132012,NO
2026-09-06T22:22:47+00:00,TAOUSDT,flat,0.000000,0.000000,0.000000,0.000000,NO
2026-09-06T22:22:47+00:00,TRUMPUSDT,short Bitget / long Gate,3.920000,4.332756,0.000000,0.000000,YES
2026-09-06T22:22:47+00:00,UAIUSDT,long Bitget / short Gate,-1.300000,14.910973,0.000000,0.000000,NO
2026-09-06T22:22:47+00:00,SOXLUSDT,long Bitget / short Gate,-2.930000,0.803665,0.000000,0.000000,YES
2026-09-06T22:22:47+00:00,BNBUSDT,flat,0.000000,-0.000000,0.000000,0.000000,NO
2026-09-06T22:22:47+00:00,DASHUSDT,flat,0.000000,0.000000,0.000000,0.000000,NO
2026-09-06T22:22:47+00:00,NEARUSDT,short Bitget / long Gate,0.520000,-0.823588,0.823588,1.583822,NO
2026-09-06T22:22:47+00:00,FLOCKUSDT,short Bitget / long Gate,1.050000,8.089524,0.000000,0.000000,NO
2026-09-06T22:22:47+00:00,LINKUSDT,flat,0.000000,0.000000,0.000000,0.000000,NO
2026-09-06T22:22:47+00:00,AKEUSDT,short Bitget / long Gate,12.520000,3.564215,0.000000,0.000000,YES
2026-09-06T22:22:47+00:00,PEPEUSDT,flat,0.000000,0.000000,0.000000,0.000000,NO
2026-09-06T22:22:47+00:00,RAYUSDT,flat,0.000000,-0.000000,0.000000,0.000000,NO
2026-09-06T22:22:47+00:00,PUMPUSDT,flat,0.000000,0.000000,0.000000,0.000000,NO
2026-09-06T22:22:47+00:00,WLDUSDT,short Bitget / long Gate,0.970000,0.000000,0.000000,0.000000,NO
2026-09-06T22:22:47+00:00,XAGUSDT,long Bitget / short Gate,-0.260000,6.042296,0.000000,0.000000,NO
2026-09-06T22:22:47+00:00,SPCXUSDT,flat,0.000000,0.000000,0.000000,0.000000,NO
2026-09-06T22:22:47+00:00,LTCUSDT,short Bitget / long Gate,1.060000,0.000000,0.000000,0.000000,NO
2026-09-06T22:22:47+00:00,ONDOUSDT,flat,0.000000,0.000000,0.000000,0.000000,NO
2026-09-06T22:22:47+00:00,FILUSDT,short Bitget / long Gate,0.730000,-6.243756,6.243756,8.553091,NO
2026-09-06T22:22:47+00:00,SKHYNIXUSDT,flat,0.000000,0.000000,0.000000,0.000000,NO
2026-09-06T22:22:47+00:00,ASTERUSDT,short Bitget / long Gate,1.420000,1.280082,0.000000,0.000000,NO
2026-09-06T22:55:45+00:00,ETHUSDT,short Bitget / long Gate,0.170000,1.236257,0.000000,0.000000,NO
2026-09-06T22:55:45+00:00,BTCUSDT,short Bitget / long Gate,0.590000,0.487519,0.000000,0.000000,NO
2026-09-06T22:55:45+00:00,ZECUSDT,long Bitget / short Gate,-1.440000,1.712608,0.000000,0.000000,NO
2026-09-06T22:55:45+00:00,SOLUSDT,long Bitget / short Gate,-0.030000,1.605743,0.000000,0.000000,NO
2026-09-06T22:55:45+00:00,DOGEUSDT,long Bitget / short Gate,-0.170000,5.538325,0.000000,0.000000,NO
2026-09-06T22:55:45+00:00,XRPUSDT,short Bitget / long Gate,0.250000,0.000000,0.000000,0.000000,NO
2026-09-06T22:55:45+00:00,HYPEUSDT,flat,0.000000,0.000000,0.000000,0.000000,NO
2026-09-06T22:55:45+00:00,ARBUSDT,short Bitget / long Gate,1.990000,11.053213,0.000000,0.000000,NO
2026-09-06T22:55:45+00:00,PONSUSDT,short Bitget / long Gate,1.500000,12.447621,0.000000,0.000000,NO
2026-09-06T22:55:45+00:00,UNIUSDT,flat,0.000000,-0.000000,0.000000,0.000000,NO
2026-09-06T22:55:45+00:00,ADAUSDT,long Bitget / short Gate,-0.790000,4.520796,0.000000,0.000000,NO
2026-09-06T22:55:45+00:00,MARSCOINUSDT,short Bitget / long Gate,0.400000,11.350124,0.000000,0.000000,NO
2026-09-06T22:55:45+00:00,SNDKUSDT,flat,0.000000,0.000000,0.000000,0.000000,NO
2026-09-06T22:55:45+00:00,ENAUSDT,short Bitget / long Gate,1.600000,3.993610,0.000000,0.000000,NO
2026-09-06T22:55:45+00:00,XAUUSDT,flat,0.000000,0.000000,0.000000,0.000000,NO
2026-09-06T22:55:45+00:00,MUUSDT,flat,0.000000,0.000000,0.000000,0.000000,NO
2026-09-06T22:55:45+00:00,SUIUSDT,flat,0.000000,0.000000,0.000000,0.000000,NO
2026-09-06T22:55:45+00:00,USELESSUSDT,short Bitget / long Gate,2.620000,4.971527,0.000000,0.000000,YES
2026-09-06T22:55:45+00:00,TAOUSDT,flat,0.000000,0.000000,0.000000,0.000000,NO
2026-09-06T22:55:45+00:00,TRUMPUSDT,short Bitget / long Gate,4.780000,8.658009,0.000000,0.000000,YES
2026-09-06T22:55:45+00:00,UAIUSDT,long Bitget / short Gate,-1.220000,1.724435,0.000000,0.000000,NO
2026-09-06T22:55:45+00:00,BNBUSDT,flat,0.000000,-0.000000,0.000000,0.000000,NO
2026-09-06T22:55:45+00:00,SOXLUSDT,long Bitget / short Gate,-2.280000,2.406353,0.000000,0.000000,YES
2026-09-06T22:55:45+00:00,DASHUSDT,flat,0.000000,-0.000000,0.000000,0.000000,NO
2026-09-06T22:55:45+00:00,NEARUSDT,short Bitget / long Gate,0.610000,-4.521167,4.521167,7.411750,NO
2026-09-06T22:55:45+00:00,LINKUSDT,flat,0.000000,0.000000,0.000000,0.000000,NO
2026-09-06T22:55:45+00:00,FLOCKUSDT,flat,0.000000,-0.000000,0.000000,0.000000,NO
2026-09-06T22:55:45+00:00,AKEUSDT,short Bitget / long Gate,9.160000,2.273034,0.000000,0.000000,YES
2026-09-06T22:55:45+00:00,PEPEUSDT,flat,0.000000,0.000000,0.000000,0.000000,NO
2026-09-06T22:55:45+00:00,RAYUSDT,flat,0.000000,0.000000,0.000000,0.000000,NO
2026-09-06T22:55:45+00:00,XAGUSDT,long Bitget / short Gate,-0.320000,4.523522,0.000000,0.000000,NO
2026-09-06T22:55:45+00:00,PUMPUSDT,flat,0.000000,0.000000,0.000000,0.000000,NO
2026-09-06T22:55:45+00:00,WLDUSDT,short Bitget / long Gate,0.900000,7.202881,0.000000,0.000000,NO
2026-09-06T22:55:45+00:00,SPCXUSDT,flat,0.000000,0.000000,0.000000,0.000000,NO
2026-09-06T22:55:45+00:00,LTCUSDT,short Bitget / long Gate,0.960000,-5.493499,5.493499,5.722395,NO
2026-09-06T22:55:45+00:00,ONDOUSDT,flat,0.000000,0.000000,0.000000,0.000000,NO
2026-09-06T22:55:45+00:00,FILUSDT,short Bitget / long Gate,0.920000,-2.487253,2.487253,2.703536,NO
2026-09-06T22:55:45+00:00,SKHYNIXUSDT,flat,0.000000,0.000000,0.000000,0.000000,NO
2026-09-06T22:55:45+00:00,CLUSDT,flat,0.000000,0.000000,0.000000,0.000000,NO
2026-09-07T00:40:27+00:00,ETHUSDT,short Bitget / long Gate,0.530000,-0.159141,0.159141,0.300265,NO
2026-09-07T00:40:27+00:00,BTCUSDT,short Bitget / long Gate,0.750000,-0.298358,0.298358,0.397811,NO
2026-09-07T00:40:27+00:00,ZECUSDT,long Bitget / short Gate,-1.640000,4.719832,0.000000,0.000000,NO
2026-09-07T00:40:27+00:00,SOLUSDT,flat,0.000000,-0.000000,0.000000,0.000000,NO
2026-09-07T00:40:27+00:00,DOGEUSDT,flat,0.000000,-0.000000,0.000000,0.000000,NO
2026-09-07T00:40:27+00:00,HYPEUSDT,flat,0.000000,0.000000,0.000000,0.000000,NO
2026-09-07T00:40:27+00:00,XRPUSDT,long Bitget / short Gate,-0.060000,-0.000000,0.000000,0.000000,NO
2026-09-07T00:40:27+00:00,PONSUSDT,long Bitget / short Gate,-9.700000,-16.058923,16.058923,1.655559,YES
2026-09-07T00:40:27+00:00,ARBUSDT,short Bitget / long Gate,0.810000,-2.090519,2.090519,2.580888,NO
2026-09-07T00:40:27+00:00,UNIUSDT,flat,0.000000,-0.000000,0.000000,0.000000,NO
2026-09-07T00:40:27+00:00,ADAUSDT,long Bitget / short Gate,-0.260000,-0.000000,0.000000,0.000000,NO
2026-09-07T00:40:27+00:00,MARSCOINUSDT,short Bitget / long Gate,0.920000,43.738490,0.000000,0.000000,NO
2026-09-07T00:40:27+00:00,SNDKUSDT,long Bitget / short Gate,-0.350000,2.300876,0.000000,0.000000,NO
2026-09-07T00:40:27+00:00,XAUUSDT,flat,0.000000,-0.000000,0.000000,0.000000,NO
2026-09-07T00:40:27+00:00,MUUSDT,flat,0.000000,0.000000,0.000000,0.000000,NO
2026-09-07T00:40:27+00:00,SUIUSDT,flat,0.000000,0.000000,0.000000,0.000000,NO
2026-09-07T00:40:27+00:00,ENAUSDT,flat,0.000000,0.000000,0.000000,0.000000,NO
2026-09-07T00:40:27+00:00,USELESSUSDT,short Bitget / long Gate,8.460000,-6.906713,6.906713,0.816396,YES
2026-09-07T00:40:27+00:00,TAOUSDT,flat,0.000000,0.000000,0.000000,0.000000,NO
2026-09-07T00:40:27+00:00,TRUMPUSDT,short Bitget / long Gate,4.440000,12.953368,0.000000,0.000000,YES
2026-09-07T00:40:27+00:00,SOXLUSDT,long Bitget / short Gate,-2.270000,4.027711,0.000000,0.000000,YES
2026-09-07T00:40:27+00:00,UAIUSDT,flat,0.000000,0.000000,0.000000,0.000000,NO
2026-09-07T00:40:27+00:00,BNBUSDT,flat,0.000000,0.000000,0.000000,0.000000,NO
2026-09-07T00:40:27+00:00,DASHUSDT,short Bitget / long Gate,2.540000,0.000000,0.000000,0.000000,YES
2026-09-07T00:40:27+00:00,NEARUSDT,short Bitget / long Gate,1.250000,-4.552226,4.552226,3.641781,NO
2026-09-07T00:40:27+00:00,LINKUSDT,short Bitget / long Gate,0.670000,-3.775865,3.775865,5.635619,NO
2026-09-07T00:40:27+00:00,SKHYNIXUSDT,short Bitget / long Gate,0.180000,-0.308366,0.308366,1.713144,NO
2026-09-07T00:40:27+00:00,FLOCKUSDT,flat,0.000000,0.000000,0.000000,0.000000,NO
2026-09-07T00:40:27+00:00,XAGUSDT,long Bitget / short Gate,-0.440000,4.524887,0.000000,0.000000,NO
2026-09-07T00:40:27+00:00,AKEUSDT,short Bitget / long Gate,18.460000,3.351780,0.000000,0.000000,YES
2026-09-07T00:40:27+00:00,PEPEUSDT,flat,0.000000,-0.000000,0.000000,0.000000,NO
2026-09-07T00:40:27+00:00,RAYUSDT,short Bitget / long Gate,8.260000,-0.772320,0.772320,0.093501,YES
2026-09-07T00:40:27+00:00,WLDUSDT,short Bitget / long Gate,0.250000,7.107321,0.000000,0.000000,NO
2026-09-07T00:40:27+00:00,PUMPUSDT,flat,0.000000,0.000000,0.000000,0.000000,NO
2026-09-07T00:40:27+00:00,SPCXUSDT,flat,0.000000,0.000000,0.000000,0.000000,NO
2026-09-07T00:40:27+00:00,ONDOUSDT,flat,0.000000,0.000000,0.000000,0.000000,NO
2026-09-07T00:40:27+00:00,LTCUSDT,flat,0.000000,-0.000000,0.000000,0.000000,NO
2026-09-07T00:40:27+00:00,CLUSDT,short Bitget / long Gate,3.870000,7.089105,0.000000,0.000000,YES
2026-09-07T00:40:27+00:00,FILUSDT,long Bitget / short Gate,-0.580000,2.440810,0.000000,0.000000,NO
2026-09-07T01:05:08+00:00,ETHUSDT,short Bitget / long Gate,0.510000,0.636223,0.000000,0.000000,NO
2026-09-07T01:05:08+00:00,BTCUSDT,short Bitget / long Gate,0.500000,-0.586006,0.586006,1.172011,NO
2026-09-07T01:05:08+00:00,ZECUSDT,long Bitget / short Gate,-1.510000,-0.083913,0.083913,0.055572,NO
2026-09-07T01:05:08+00:00,SOLUSDT,short Bitget / long Gate,0.340000,1.599548,0.000000,0.000000,NO
2026-09-07T01:05:08+00:00,DOGEUSDT,flat,0.000000,0.000000,0.000000,0.000000,NO
2026-09-07T01:05:08+00:00,HYPEUSDT,flat,0.000000,0.000000,0.000000,0.000000,NO
2026-09-07T01:05:08+00:00,XRPUSDT,flat,0.000000,-0.000000,0.000000,0.000000,NO
2026-09-07T01:05:08+00:00,PONSUSDT,short Bitget / long Gate,2.680000,-10.115783,10.115783,3.774546,YES
2026-09-07T01:05:08+00:00,UNIUSDT,flat,0.000000,-0.000000,0.000000,0.000000,NO
2026-09-07T01:05:08+00:00,ARBUSDT,short Bitget / long Gate,1.690000,3.184037,0.000000,0.000000,NO
2026-09-07T01:05:08+00:00,ADAUSDT,flat,0.000000,0.000000,0.000000,0.000000,NO
2026-09-07T01:05:08+00:00,MARSCOINUSDT,long Bitget / short Gate,-0.180000,-31.299829,31.299829,173.887937,NO
2026-09-07T01:05:08+00:00,SNDKUSDT,flat,0.000000,0.000000,0.000000,0.000000,NO
2026-09-07T01:05:08+00:00,XAUUSDT,flat,0.000000,-0.000000,0.000000,0.000000,NO
2026-09-07T01:05:08+00:00,MUUSDT,flat,0.000000,0.000000,0.000000,0.000000,NO
2026-09-07T01:05:08+00:00,SUIUSDT,flat,0.000000,-0.000000,0.000000,0.000000,NO
2026-09-07T01:05:08+00:00,TAOUSDT,flat,0.000000,0.000000,0.000000,0.000000,NO
2026-09-07T01:05:08+00:00,USELESSUSDT,short Bitget / long Gate,6.220000,14.816187,0.000000,0.000000,YES
2026-09-07T01:05:08+00:00,ENAUSDT,flat,0.000000,0.000000,0.000000,0.000000,NO
2026-09-07T01:05:08+00:00,SOXLUSDT,long Bitget / short Gate,-1.350000,-0.000000,0.000000,0.000000,NO
2026-09-07T01:05:08+00:00,TRUMPUSDT,short Bitget / long Gate,5.260000,8.703220,0.000000,0.000000,YES
2026-09-07T01:05:08+00:00,BNBUSDT,flat,0.000000,-0.000000,0.000000,0.000000,NO
2026-09-07T01:05:08+00:00,UAIUSDT,flat,0.000000,-0.000000,0.000000,0.000000,NO
2026-09-07T01:05:08+00:00,XAGUSDT,long Bitget / short Gate,-0.400000,1.513546,0.000000,0.000000,NO
2026-09-07T01:05:08+00:00,SKHYNIXUSDT,short Bitget / long Gate,4.340000,1.538320,0.000000,0.000000,YES
2026-09-07T01:05:08+00:00,NEARUSDT,short Bitget / long Gate,0.340000,-3.733201,3.733201,10.980002,NO
2026-09-07T01:05:08+00:00,LINKUSDT,short Bitget / long Gate,2.130000,-4.559964,4.559964,2.140828,YES
2026-09-07T01:05:08+00:00,DASHUSDT,short Bitget / long Gate,3.360000,5.729017,0.000000,0.000000,YES
2026-09-07T01:05:08+00:00,FLOCKUSDT,flat,0.000000,-0.000000,0.000000,0.000000,NO
2026-09-07T01:05:08+00:00,AKEUSDT,short Bitget / long Gate,18.720000,-20.816883,20.816883,1.112013,YES
2026-09-07T01:05:08+00:00,PEPEUSDT,flat,0.000000,0.000000,0.000000,0.000000,NO
2026-09-07T01:05:08+00:00,RAYUSDT,short Bitget / long Gate,7.100000,6.409743,0.000000,0.000000,YES
2026-09-07T01:05:08+00:00,WLDUSDT,short Bitget / long Gate,0.510000,0.000000,0.000000,0.000000,NO
2026-09-07T01:05:08+00:00,PUMPUSDT,flat,0.000000,0.000000,0.000000,0.000000,NO
2026-09-07T01:05:08+00:00,LTCUSDT,short Bitget / long Gate,0.140000,-3.622532,3.622532,25.875230,NO
2026-09-07T01:05:08+00:00,SPCXUSDT,flat,0.000000,0.000000,0.000000,0.000000,NO
2026-09-07T01:05:08+00:00,CLUSDT,short Bitget / long Gate,4.770000,7.106155,0.000000,0.000000,YES
2026-09-07T01:05:08+00:00,ONDOUSDT,flat,0.000000,0.000000,0.000000,0.000000,NO
2026-09-07T01:05:08+00:00,DOTUSDT,flat,0.000000,0.000000,0.000000,0.000000,NO
2026-09-07T02:02:56+00:00,ETHUSDT,flat,0.000000,0.000000,0.000000,0.000000,NO
2026-09-07T02:02:56+00:00,BTCUSDT,short Bitget / long Gate,0.160000,0.877517,0.000000,0.000000,NO
2026-09-07T02:02:56+00:00,ZECUSDT,long Bitget / short Gate,-1.260000,4.294665,0.000000,0.000000,NO
2026-09-07T02:02:56+00:00,SOLUSDT,short Bitget / long Gate,0.380000,-3.418479,3.418479,8.995997,NO
2026-09-07T02:02:56+00:00,DOGEUSDT,flat,0.000000,-0.000000,0.000000,0.000000,NO
2026-09-07T02:02:56+00:00,HYPEUSDT,flat,0.000000,0.000000,0.000000,0.000000,NO
2026-09-07T02:02:56+00:00,XRPUSDT,short Bitget / long Gate,0.960000,-2.134472,2.134472,2.223408,NO
2026-09-07T02:02:56+00:00,PONSUSDT,short Bitget / long Gate,1.260000,1.140540,0.000000,0.000000,NO
2026-09-07T02:02:56+00:00,ADAUSDT,flat,0.000000,0.000000,0.000000,0.000000,NO
2026-09-07T02:02:56+00:00,UNIUSDT,flat,0.000000,-0.000000,0.000000,0.000000,NO
2026-09-07T02:02:56+00:00,ARBUSDT,short Bitget / long Gate,0.720000,9.522802,0.000000,0.000000,NO
2026-09-07T02:02:56+00:00,XAUUSDT,flat,0.000000,0.000000,0.000000,0.000000,NO
2026-09-07T02:02:56+00:00,SNDKUSDT,flat,0.000000,-0.000000,0.000000,0.000000,NO
2026-09-07T02:02:56+00:00,MARSCOINUSDT,long Bitget / short Gate,-2.380000,-4.863518,4.863518,2.043495,YES
2026-09-07T02:02:56+00:00,MUUSDT,flat,0.000000,0.000000,0.000000,0.000000,NO
2026-09-07T02:02:56+00:00,SUIUSDT,short Bitget / long Gate,0.040000,-1.256281,1.256281,31.407035,NO
2026-09-07T02:02:56+00:00,TRUMPUSDT,short Bitget / long Gate,5.700000,8.880995,0.000000,0.000000,YES
2026-09-07T02:02:56+00:00,SOXLUSDT,long Bitget / short Gate,-1.990000,3.985016,0.000000,0.000000,NO
2026-09-07T02:02:56+00:00,TAOUSDT,flat,0.000000,0.000000,0.000000,0.000000,NO
2026-09-07T02:02:56+00:00,SKHYNIXUSDT,short Bitget / long Gate,7.880000,-3.631812,3.631812,0.460890,YES
2026-09-07T02:02:56+00:00,USELESSUSDT,short Bitget / long Gate,1.760000,15.358901,0.000000,0.000000,NO
2026-09-07T02:02:56+00:00,XAGUSDT,long Bitget / short Gate,-0.040000,3.022975,0.000000,0.000000,NO
2026-09-07T02:02:56+00:00,ENAUSDT,flat,0.000000,-0.000000,0.000000,0.000000,NO
2026-09-07T02:02:56+00:00,BNBUSDT,short Bitget / long Gate,0.610000,-3.608179,3.608179,5.915047,NO
2026-09-07T02:02:56+00:00,NEARUSDT,flat,0.000000,-0.000000,0.000000,0.000000,NO
2026-09-07T02:02:56+00:00,UAIUSDT,long Bitget / short Gate,-1.060000,16.305234,0.000000,0.000000,NO
2026-09-07T02:02:56+00:00,LINKUSDT,short Bitget / long Gate,0.800000,-5.380063,5.380063,6.725079,NO
2026-09-07T02:02:56+00:00,DASHUSDT,short Bitget / long Gate,1.240000,-4.286939,4.286939,3.457209,NO
2026-09-07T02:02:56+00:00,FLOCKUSDT,flat,0.000000,-0.000000,0.000000,0.000000,NO
2026-09-07T02:02:56+00:00,AKEUSDT,short Bitget / long Gate,11.340000,-5.215267,5.215267,0.459900,YES
2026-09-07T02:02:56+00:00,PEPEUSDT,flat,0.000000,-0.000000,0.000000,0.000000,NO
2026-09-07T02:02:56+00:00,RAYUSDT,short Bitget / long Gate,0.960000,4.861843,0.000000,0.000000,NO
2026-09-07T02:02:56+00:00,WLDUSDT,flat,0.000000,-0.000000,0.000000,0.000000,NO
2026-09-07T02:02:56+00:00,LTCUSDT,short Bitget / long Gate,0.420000,-5.525880,5.525880,13.156856,NO
2026-09-07T02:02:56+00:00,CLUSDT,short Bitget / long Gate,3.550000,8.933435,0.000000,0.000000,YES
2026-09-07T02:02:56+00:00,PUMPUSDT,flat,0.000000,0.000000,0.000000,0.000000,NO
2026-09-07T02:02:56+00:00,ONDOUSDT,short Bitget / long Gate,1.900000,2.625361,0.000000,0.000000,NO
2026-09-07T02:02:56+00:00,SPCXUSDT,flat,0.000000,0.000000,0.000000,0.000000,NO
2026-09-07T02:02:56+00:00,DOTUSDT,flat,0.000000,0.000000,0.000000,0.000000,NO
2026-09-07T05:10:13+00:00,ETHUSDT,short Bitget / long Gate,0.010000,0.519537,0.000000,0.000000,NO
2026-09-07T05:10:13+00:00,BTCUSDT,short Bitget / long Gate,0.220000,0.263464,0.000000,0.000000,NO
2026-09-07T05:10:13+00:00,ZECUSDT,long Bitget / short Gate,-2.330000,4.443128,0.000000,0.000000,YES
2026-09-07T05:10:13+00:00,SOLUSDT,short Bitget / long Gate,0.100000,-0.854863,0.854863,8.548632,NO
2026-09-07T05:10:13+00:00,DOGEUSDT,flat,0.000000,-0.000000,0.000000,0.000000,NO
2026-09-07T05:10:13+00:00,XRPUSDT,short Bitget / long Gate,0.760000,0.709874,0.000000,0.000000,NO
2026-09-07T05:10:13+00:00,HYPEUSDT,short Bitget / long Gate,0.620000,4.624438,0.000000,0.000000,NO
2026-09-07T05:10:13+00:00,PONSUSDT,short Bitget / long Gate,22.080000,-2.353249,2.353249,0.106578,YES
2026-09-07T05:10:13+00:00,XAUUSDT,flat,0.000000,-0.000000,0.000000,0.000000,NO
2026-09-07T05:10:13+00:00,ADAUSDT,flat,0.000000,0.000000,0.000000,0.000000,NO
2026-09-07T05:10:13+00:00,SNDKUSDT,flat,0.000000,0.000000,0.000000,0.000000,NO
2026-09-07T05:10:13+00:00,UNIUSDT,flat,0.000000,-0.000000,0.000000,0.000000,NO
2026-09-07T05:10:13+00:00,MUUSDT,flat,0.000000,0.000000,0.000000,0.000000,NO
2026-09-07T05:10:13+00:00,ARBUSDT,short Bitget / long Gate,0.570000,-2.300966,2.300966,4.036783,NO
2026-09-07T05:10:13+00:00,SKHYNIXUSDT,flat,0.000000,-0.000000,0.000000,0.000000,NO
2026-09-07T05:10:13+00:00,SUIUSDT,flat,0.000000,-0.000000,0.000000,0.000000,NO
2026-09-07T05:10:13+00:00,MARSCOINUSDT,flat,0.000000,0.000000,0.000000,0.000000,NO
2026-09-07T05:10:13+00:00,TAOUSDT,flat,0.000000,0.000000,0.000000,0.000000,NO
2026-09-07T05:10:13+00:00,XAGUSDT,long Bitget / short Gate,-0.700000,7.583801,0.000000,0.000000,NO
2026-09-07T05:10:13+00:00,SOXLUSDT,long Bitget / short Gate,-2.520000,6.208770,0.000000,0.000000,YES
2026-09-07T05:10:13+00:00,TRUMPUSDT,short Bitget / long Gate,1.580000,8.888889,0.000000,0.000000,NO
2026-09-07T05:10:13+00:00,AKEUSDT,long Bitget / short Gate,-7.100000,-4.407141,4.407141,0.620724,YES
2026-09-07T05:10:13+00:00,USELESSUSDT,short Bitget / long Gate,7.000000,-0.452080,0.452080,0.064583,YES
2026-09-07T05:10:13+00:00,BNBUSDT,flat,0.000000,-0.000000,0.000000,0.000000,NO
2026-09-07T05:10:13+00:00,LINKUSDT,short Bitget / long Gate,0.720000,-3.035823,3.035823,4.216420,NO
2026-09-07T05:10:13+00:00,NEARUSDT,flat,0.000000,-0.000000,0.000000,0.000000,NO
2026-09-07T05:10:13+00:00,ENAUSDT,flat,0.000000,-0.000000,0.000000,0.000000,NO
2026-09-07T05:10:13+00:00,UAIUSDT,long Bitget / short Gate,-1.490000,28.546545,0.000000,0.000000,NO
2026-09-07T05:10:13+00:00,PEPEUSDT,flat,0.000000,0.000000,0.000000,0.000000,NO
2026-09-07T05:10:13+00:00,FLOCKUSDT,flat,0.000000,-0.000000,0.000000,0.000000,NO
2026-09-07T05:10:13+00:00,DASHUSDT,flat,0.000000,-0.000000,0.000000,0.000000,NO
2026-09-07T05:10:13+00:00,WLDUSDT,short Bitget / long Gate,0.130000,2.389486,0.000000,0.000000,NO
2026-09-07T05:10:13+00:00,RAYUSDT,short Bitget / long Gate,0.120000,7.352340,0.000000,0.000000,NO
2026-09-07T05:10:13+00:00,CLUSDT,short Bitget / long Gate,1.670000,3.573362,0.000000,0.000000,NO
2026-09-07T05:10:13+00:00,LTCUSDT,short Bitget / long Gate,0.500000,0.000000,0.000000,0.000000,NO
2026-09-07T05:10:13+00:00,ONDOUSDT,short Bitget / long Gate,0.120000,0.000000,0.000000,0.000000,NO
2026-09-07T05:10:13+00:00,DOTUSDT,flat,0.000000,0.000000,0.000000,0.000000,NO
2026-09-07T05:10:13+00:00,PUMPUSDT,flat,0.000000,0.000000,0.000000,0.000000,NO
2026-09-07T05:10:13+00:00,SPCXUSDT,flat,0.000000,0.000000,0.000000,0.000000,NO
2026-09-07T06:09:08+00:00,ETHUSDT,short Bitget / long Gate,0.220000,0.239614,0.000000,0.000000,NO
2026-09-07T06:09:08+00:00,BTCUSDT,short Bitget / long Gate,0.360000,0.601929,0.000000,0.000000,NO
2026-09-07T06:09:08+00:00,ZECUSDT,long Bitget / short Gate,-2.190000,-0.000000,0.000000,0.000000,YES
2026-09-07T06:09:08+00:00,SOLUSDT,long Bitget / short Gate,-0.060000,-0.666032,0.666032,11.100539,NO
2026-09-07T06:09:08+00:00,DOGEUSDT,flat,0.000000,-0.000000,0.000000,0.000000,NO
2026-09-07T06:09:08+00:00,XRPUSDT,short Bitget / long Gate,0.400000,-0.708968,0.708968,1.772421,NO
2026-09-07T06:09:08+00:00,HYPEUSDT,flat,0.000000,0.000000,0.000000,0.000000,NO
2026-09-07T06:09:08+00:00,PONSUSDT,long Bitget / short Gate,-9.720000,-11.595311,11.595311,1.192933,YES
2026-09-07T06:09:08+00:00,XAUUSDT,flat,0.000000,0.000000,0.000000,0.000000,NO
2026-09-07T06:09:08+00:00,ADAUSDT,flat,0.000000,0.000000,0.000000,0.000000,NO
2026-09-07T06:09:08+00:00,UNIUSDT,flat,0.000000,-0.000000,0.000000,0.000000,NO
2026-09-07T06:09:08+00:00,SNDKUSDT,flat,0.000000,0.000000,0.000000,0.000000,NO
2026-09-07T06:09:08+00:00,MUUSDT,flat,0.000000,0.000000,0.000000,0.000000,NO
2026-09-07T06:09:08+00:00,SKHYNIXUSDT,flat,0.000000,-0.000000,0.000000,0.000000,NO
2026-09-07T06:09:08+00:00,SUIUSDT,flat,0.000000,-0.000000,0.000000,0.000000,NO
2026-09-07T06:09:08+00:00,ARBUSDT,short Bitget / long Gate,0.070000,-0.583737,0.583737,8.339101,NO
2026-09-07T06:09:08+00:00,XAGUSDT,long Bitget / short Gate,-0.780000,3.045067,0.000000,0.000000,NO
2026-09-07T06:09:08+00:00,TAOUSDT,flat,0.000000,0.000000,0.000000,0.000000,NO
2026-09-07T06:09:08+00:00,MARSCOINUSDT,flat,0.000000,0.000000,0.000000,0.000000,NO
2026-09-07T06:09:08+00:00,SOXLUSDT,long Bitget / short Gate,-4.490000,4.669624,0.000000,0.000000,YES
2026-09-07T06:09:08+00:00,TRUMPUSDT,short Bitget / long Gate,1.300000,4.444444,0.000000,0.000000,NO
2026-09-07T06:09:08+00:00,AKEUSDT,long Bitget / short Gate,-2.300000,11.903787,0.000000,0.000000,YES
2026-09-07T06:09:08+00:00,LINKUSDT,short Bitget / long Gate,0.260000,-0.736431,0.736431,2.832428,NO
2026-09-07T06:09:08+00:00,BNBUSDT,flat,0.000000,-0.000000,0.000000,0.000000,NO
2026-09-07T06:09:08+00:00,USELESSUSDT,short Bitget / long Gate,7.840000,5.035477,0.000000,0.000000,YES
2026-09-07T06:09:08+00:00,NEARUSDT,short Bitget / long Gate,0.440000,-9.602138,9.602138,21.823040,NO
2026-09-07T06:09:08+00:00,ENAUSDT,flat,0.000000,0.000000,0.000000,0.000000,NO
2026-09-07T06:09:08+00:00,UAIUSDT,flat,0.000000,0.000000,0.000000,0.000000,NO
2026-09-07T06:09:08+00:00,WLDUSDT,short Bitget / long Gate,0.480000,7.083825,0.000000,0.000000,NO
2026-09-07T06:09:08+00:00,PEPEUSDT,flat,0.000000,0.000000,0.000000,0.000000,NO
2026-09-07T06:09:08+00:00,FLOCKUSDT,flat,0.000000,-0.000000,0.000000,0.000000,NO
2026-09-07T06:09:08+00:00,CLUSDT,short Bitget / long Gate,1.630000,5.506370,0.000000,0.000000,NO
2026-09-07T06:09:08+00:00,RAYUSDT,short Bitget / long Gate,1.900000,-4.958268,4.958268,2.609615,NO
2026-09-07T06:09:08+00:00,DASHUSDT,flat,0.000000,-0.000000,0.000000,0.000000,NO
2026-09-07T06:09:08+00:00,ONDOUSDT,flat,0.000000,0.000000,0.000000,0.000000,NO
2026-09-07T06:09:08+00:00,LTCUSDT,short Bitget / long Gate,0.640000,0.000000,0.000000,0.000000,NO
2026-09-07T06:09:08+00:00,DOTUSDT,flat,0.000000,0.000000,0.000000,0.000000,NO
2026-09-07T06:09:08+00:00,PUMPUSDT,flat,0.000000,0.000000,0.000000,0.000000,NO
2026-09-07T06:09:08+00:00,SPCXUSDT,flat,0.000000,0.000000,0.000000,0.000000,NO
