timestamp_utc,buy_dex,sell_dex,start_usdc,sol_bought,final_usdc,gross_profit_usdc,gross_bps,execution_buffer_bps,stressed_bps,candidate,buy_price_impact_pct,sell_price_impact_pct,buy_latency_ms,sell_latency_ms,buy_route,sell_route
2026-09-06T04:26:25+00:00,Raydium CLMM,Meteora DLMM,100.000000,0.943190455,99.977782,-0.022218,-2.222,20.000,-22.222,NO,0.020460,0.022204,80.6,102.4,Raydium CLMM,Meteora DLMM
2026-09-06T04:26:35+00:00,Meteora DLMM,Raydium CLMM,100.000000,0.943150181,99.963209,-0.036791,-3.679,20.000,-23.679,NO,0.005040,0.017653,117.9,105.3,Meteora DLMM,Raydium CLMM
2026-09-06T08:48:07+00:00,Raydium CLMM,Meteora DLMM,100.000000,0.950595390,99.956856,-0.043144,-4.314,20.000,-24.314,NO,0.036739,0.007531,147.0,92.0,Raydium CLMM,Meteora DLMM
2026-09-06T08:48:17+00:00,Meteora DLMM,Raydium CLMM,100.000000,0.950843511,99.974470,-0.025530,-2.553,20.000,-22.553,NO,0.020023,0.000000,93.7,92.6,Meteora DLMM,Raydium CLMM
2026-09-06T10:10:30+00:00,Raydium CLMM,Meteora DLMM,100.000000,0.936838537,99.933642,-0.066358,-6.636,20.000,-26.636,NO,0.026609,0.010087,160.0,147.9,Raydium CLMM,Meteora DLMM
2026-09-06T10:10:39+00:00,Meteora DLMM,Raydium CLMM,100.000000,0.937315569,99.967156,-0.032844,-3.284,20.000,-23.284,NO,0.024089,0.008764,294.8,144.8,Meteora DLMM,Raydium CLMM
2026-09-06T10:49:32+00:00,Raydium CLMM,Meteora DLMM,100.000000,0.938747532,99.943529,-0.056471,-5.647,20.000,-25.647,NO,0.046876,0.014860,34.4,65.2,Raydium CLMM,Meteora DLMM
2026-09-06T10:49:42+00:00,Meteora DLMM,Raydium CLMM,100.000000,0.938842198,99.946750,-0.053250,-5.325,20.000,-25.325,NO,0.006753,0.050897,42.9,65.3,Meteora DLMM,Raydium CLMM
2026-09-06T10:53:03+00:00,Raydium CLMM,Meteora DLMM,100.000000,0.938027766,99.980686,-0.019314,-1.931,20.000,-21.931,NO,0.002359,0.012916,152.5,157.5,Raydium CLMM,Meteora DLMM
2026-09-06T10:53:13+00:00,Meteora DLMM,Raydium CLMM,100.000000,0.937691050,99.934846,-0.065154,-6.515,20.000,-26.515,NO,0.010192,0.051341,121.0,177.9,Meteora DLMM,Raydium CLMM
2026-09-06T11:25:07+00:00,Raydium CLMM,Meteora DLMM,100.000000,0.937565342,99.971839,-0.028161,-2.816,20.000,-22.816,NO,0.044363,0.007478,118.3,94.4,Raydium CLMM,Meteora DLMM
2026-09-06T11:25:16+00:00,Meteora DLMM,Raydium CLMM,100.000000,0.937630443,99.954546,-0.045454,-4.545,20.000,-24.545,NO,0.010729,0.023692,19.6,20.5,Meteora DLMM,Raydium CLMM
2026-09-06T11:35:26+00:00,Raydium CLMM,Meteora DLMM,100.000000,0.938241612,99.934943,-0.065057,-6.506,20.000,-26.506,NO,0.027765,0.013508,90.1,24.8,Raydium CLMM,Meteora DLMM
2026-09-06T11:35:35+00:00,Meteora DLMM,Raydium CLMM,100.000000,0.938219325,99.935932,-0.064068,-6.407,20.000,-26.407,NO,0.036749,0.043957,89.2,90.5,Meteora DLMM,Raydium CLMM
2026-09-06T11:49:37+00:00,Raydium CLMM,Meteora DLMM,100.000000,0.937872379,99.965559,-0.034441,-3.444,20.000,-23.444,NO,0.016993,0.005302,145.3,86.1,Raydium CLMM,Meteora DLMM
2026-09-06T11:49:46+00:00,Meteora DLMM,Raydium CLMM,100.000000,0.937957930,99.945456,-0.054544,-5.454,20.000,-25.454,NO,0.014233,0.025147,91.5,84.5,Meteora DLMM,Raydium CLMM
2026-09-06T13:36:20+00:00,Raydium CLMM,Meteora DLMM,100.000000,0.941857718,99.963919,-0.036081,-3.608,20.000,-23.608,NO,0.013528,0.006609,108.2,41.5,Raydium CLMM,Meteora DLMM
2026-09-06T13:36:29+00:00,Meteora DLMM,Raydium CLMM,100.000000,0.941939280,99.957199,-0.042801,-4.280,20.000,-24.280,NO,0.000000,0.000000,38.4,37.9,Meteora DLMM,Raydium CLMM
2026-09-06T14:11:43+00:00,Raydium CLMM,Meteora DLMM,100.000000,0.937572510,99.953791,-0.046209,-4.621,20.000,-24.621,NO,0.033532,0.013435,63.4,91.6,Raydium CLMM,Meteora DLMM
2026-09-06T14:11:52+00:00,Meteora DLMM,Raydium CLMM,100.000000,0.937867093,99.957607,-0.042393,-4.239,20.000,-24.239,NO,0.026332,0.029065,61.4,60.6,Meteora DLMM,Raydium CLMM
2026-09-06T14:18:48+00:00,Raydium CLMM,Meteora DLMM,100.000000,0.941050042,99.968789,-0.031211,-3.121,20.000,-23.121,NO,0.000000,0.042860,51.5,47.2,Raydium CLMM,Meteora DLMM
2026-09-06T14:18:57+00:00,Meteora DLMM,Raydium CLMM,100.000000,0.940684034,99.951458,-0.048542,-4.854,20.000,-24.854,NO,0.007124,0.050346,34.6,40.9,Meteora DLMM,Raydium CLMM
2026-09-06T14:51:33+00:00,Raydium CLMM,Meteora DLMM,100.000000,0.942526213,99.922152,-0.077848,-7.785,20.000,-27.785,NO,0.045047,0.020710,90.1,116.9,Raydium CLMM,Meteora DLMM
2026-09-06T14:51:42+00:00,Meteora DLMM,Raydium CLMM,100.000000,0.942840833,99.959833,-0.040167,-4.017,20.000,-24.017,NO,0.017947,0.029078,151.8,87.5,Meteora DLMM,Raydium CLMM
2026-09-06T15:14:01+00:00,Raydium CLMM,Meteora DLMM,100.000000,0.949684488,99.962884,-0.037116,-3.712,20.000,-23.712,NO,0.032727,0.011686,77.5,97.8,Raydium CLMM,Meteora DLMM
2026-09-06T15:14:10+00:00,Meteora DLMM,Raydium CLMM,100.000000,0.949708189,99.953884,-0.046116,-4.612,20.000,-24.612,NO,0.024387,0.024565,72.3,88.3,Meteora DLMM,Raydium CLMM
2026-09-06T15:17:17+00:00,Raydium CLMM,Meteora DLMM,100.000000,0.946330885,99.978786,-0.021214,-2.121,20.000,-22.121,NO,0.000000,0.021594,62.5,90.4,Raydium CLMM,Meteora DLMM
2026-09-06T15:17:26+00:00,Meteora DLMM,Raydium CLMM,100.000000,0.946203595,99.928860,-0.071140,-7.114,20.000,-27.114,NO,0.051358,0.022111,117.9,117.4,Meteora DLMM,Raydium CLMM
2026-09-06T15:22:34+00:00,Raydium CLMM,Meteora DLMM,100.000000,0.943852394,99.950993,-0.049007,-4.901,20.000,-24.901,NO,0.040714,0.027517,89.0,37.0,Raydium CLMM,Meteora DLMM
2026-09-06T15:22:44+00:00,Meteora DLMM,Raydium CLMM,100.000000,0.944296108,99.965805,-0.034195,-3.419,20.000,-23.419,NO,0.000000,0.007017,40.6,90.2,Meteora DLMM,Raydium CLMM
2026-09-06T15:30:37+00:00,Raydium CLMM,Meteora DLMM,100.000000,0.944266161,99.932962,-0.067038,-6.704,20.000,-26.704,NO,0.032509,0.013377,106.0,104.7,Raydium CLMM,Meteora DLMM
2026-09-06T15:30:46+00:00,Meteora DLMM,Raydium CLMM,100.000000,0.944671370,99.967888,-0.032112,-3.211,20.000,-23.211,NO,0.009982,0.023590,42.2,99.3,Meteora DLMM,Raydium CLMM
2026-09-06T17:08:44+00:00,Raydium CLMM,Meteora DLMM,100.000000,0.945926014,99.947034,-0.052966,-5.297,20.000,-25.297,NO,0.049483,0.002253,128.0,100.0,Raydium CLMM,Meteora DLMM
2026-09-06T17:08:54+00:00,Meteora DLMM,Raydium CLMM,100.000000,0.945842868,99.938423,-0.061577,-6.158,20.000,-26.158,NO,0.051351,0.011825,97.7,101.4,Meteora DLMM,Raydium CLMM
2026-09-06T18:05:37+00:00,Raydium CLMM,Meteora DLMM,100.000000,0.940688522,99.974522,-0.025478,-2.548,20.000,-22.548,NO,0.013967,0.019378,112.6,90.0,Raydium CLMM,Meteora DLMM
2026-09-06T18:05:46+00:00,Meteora DLMM,Raydium CLMM,100.000000,0.940723568,99.962833,-0.037167,-3.717,20.000,-23.717,NO,0.010953,0.026182,93.2,44.9,Meteora DLMM,Raydium CLMM
2026-09-06T18:23:01+00:00,Raydium CLMM,Meteora DLMM,100.000000,0.940288622,99.952416,-0.047584,-4.758,20.000,-24.758,NO,0.043834,0.000628,157.7,21.8,Raydium CLMM,Meteora DLMM
2026-09-06T18:23:10+00:00,Meteora DLMM,Raydium CLMM,100.000000,0.940543682,99.972517,-0.027483,-2.748,20.000,-22.748,NO,0.012690,0.022617,80.8,153.4,Meteora DLMM,Raydium CLMM
2026-09-06T18:56:08+00:00,Raydium CLMM,Meteora DLMM,100.000000,0.944334606,99.971775,-0.028225,-2.823,20.000,-22.823,NO,0.017997,0.012434,48.8,47.9,Raydium CLMM,Meteora DLMM
2026-09-06T18:56:17+00:00,Meteora DLMM,Raydium CLMM,100.000000,0.944215673,99.939356,-0.060644,-6.064,20.000,-26.064,NO,0.013290,0.043679,37.1,54.3,Meteora DLMM,Raydium CLMM
2026-09-06T19:08:34+00:00,Raydium CLMM,Meteora DLMM,100.000000,0.944436321,99.962582,-0.037418,-3.742,20.000,-23.742,NO,0.044307,0.019202,88.9,78.3,Raydium CLMM,Meteora DLMM
2026-09-06T19:08:43+00:00,Meteora DLMM,Raydium CLMM,100.000000,0.944490134,99.953180,-0.046820,-4.682,20.000,-24.682,NO,0.021141,0.037848,97.5,78.3,Meteora DLMM,Raydium CLMM
2026-09-06T20:25:31+00:00,Raydium CLMM,Meteora DLMM,100.000000,0.946308679,99.961282,-0.038718,-3.872,20.000,-23.872,NO,0.016198,0.016938,87.7,138.1,Raydium CLMM,Meteora DLMM
2026-09-06T20:25:41+00:00,Meteora DLMM,Raydium CLMM,100.000000,0.946392410,99.950436,-0.049564,-4.956,20.000,-24.956,NO,0.007416,0.044762,64.5,145.4,Meteora DLMM,Raydium CLMM
2026-09-06T21:11:21+00:00,Raydium CLMM,Meteora DLMM,100.000000,0.942640314,99.952630,-0.047370,-4.737,20.000,-24.737,NO,0.036526,0.022869,38.4,64.0,Raydium CLMM,Meteora DLMM
2026-09-06T21:11:30+00:00,Meteora DLMM,Raydium CLMM,100.000000,0.942989118,99.963711,-0.036289,-3.629,20.000,-23.629,NO,0.023710,0.016502,34.7,44.1,Meteora DLMM,Raydium CLMM
2026-09-06T21:18:37+00:00,Raydium CLMM,Meteora DLMM,100.000000,0.941711060,99.972909,-0.027091,-2.709,20.000,-22.709,NO,0.002441,0.018811,54.1,122.9,Raydium CLMM,Meteora DLMM
2026-09-06T21:18:46+00:00,Meteora DLMM,Raydium CLMM,100.000000,0.941313751,99.945272,-0.054728,-5.473,20.000,-25.473,NO,0.015348,0.035571,20.9,129.7,Meteora DLMM,Raydium CLMM
2026-09-06T22:22:32+00:00,Raydium CLMM,Meteora DLMM,100.000000,0.949976540,99.945523,-0.054477,-5.448,20.000,-25.448,NO,0.045471,0.003776,140.7,141.9,Raydium CLMM,Meteora DLMM
2026-09-06T22:22:42+00:00,Meteora DLMM,Raydium CLMM,100.000000,0.950129676,99.930279,-0.069721,-6.972,20.000,-26.972,NO,0.056708,0.017611,90.9,141.8,Meteora DLMM,Raydium CLMM
2026-09-06T22:55:31+00:00,Raydium CLMM,Meteora DLMM,100.000000,0.944220230,99.963040,-0.036960,-3.696,20.000,-23.696,NO,0.017467,0.021778,100.3,67.2,Raydium CLMM,Meteora DLMM
2026-09-06T22:55:40+00:00,Meteora DLMM,Raydium CLMM,100.000000,0.944211245,99.961766,-0.038234,-3.823,20.000,-23.823,NO,0.008020,0.032551,93.1,69.7,Meteora DLMM,Raydium CLMM
2026-09-07T00:40:13+00:00,Raydium CLMM,Meteora DLMM,100.000000,0.942098698,99.965036,-0.034964,-3.496,20.000,-23.496,NO,0.022831,0.007866,140.0,144.0,Raydium CLMM,Meteora DLMM
2026-09-07T00:40:23+00:00,Meteora DLMM,Raydium CLMM,100.000000,0.942682728,99.951144,-0.048856,-4.886,20.000,-24.886,NO,0.000000,0.010520,92.5,144.0,Meteora DLMM,Raydium CLMM
2026-09-07T01:04:54+00:00,Raydium CLMM,Meteora DLMM,100.000000,0.940681121,99.957167,-0.042833,-4.283,20.000,-24.283,NO,0.009835,0.032578,105.2,48.5,Raydium CLMM,Meteora DLMM
2026-09-07T01:05:04+00:00,Meteora DLMM,Raydium CLMM,100.000000,0.940622776,99.945389,-0.054611,-5.461,20.000,-25.461,NO,0.000000,0.246748,89.1,74.7,Meteora DLMM,Raydium CLMM
2026-09-07T02:02:42+00:00,Raydium CLMM,Meteora DLMM,100.000000,0.949081609,99.941404,-0.058596,-5.860,20.000,-25.860,NO,0.042526,0.005575,50.2,39.3,Raydium CLMM,Meteora DLMM
2026-09-07T02:02:52+00:00,Meteora DLMM,Raydium CLMM,100.000000,0.948900040,99.937314,-0.062686,-6.269,20.000,-26.269,NO,0.025649,0.012819,57.4,38.3,Meteora DLMM,Raydium CLMM
2026-09-07T05:09:58+00:00,Raydium CLMM,Meteora DLMM,100.000000,0.949382515,99.972901,-0.027099,-2.710,20.000,-22.710,NO,0.008458,0.023690,104.1,105.3,Raydium CLMM,Meteora DLMM
2026-09-07T05:10:08+00:00,Meteora DLMM,Raydium CLMM,100.000000,0.949317485,99.937936,-0.062064,-6.206,20.000,-26.206,NO,0.016440,0.044200,43.7,87.5,Meteora DLMM,Raydium CLMM
2026-09-07T06:08:54+00:00,Raydium CLMM,Meteora DLMM,100.000000,0.950983462,99.963715,-0.036285,-3.629,20.000,-23.629,NO,0.017398,0.019604,55.8,49.6,Raydium CLMM,Meteora DLMM
2026-09-07T06:09:03+00:00,Meteora DLMM,Raydium CLMM,100.000000,0.950929104,99.943763,-0.056237,-5.624,20.000,-25.624,NO,0.005351,0.041533,74.4,49.8,Meteora DLMM,Raydium CLMM
2026-09-07T10:15:44+00:00,Raydium CLMM,Meteora DLMM,100.000000,0.952953721,99.960695,-0.039305,-3.931,20.000,-23.931,NO,0.017626,0.020554,88.3,155.5,Raydium CLMM,Meteora DLMM
2026-09-07T10:15:53+00:00,Meteora DLMM,Raydium CLMM,100.000000,0.952928092,99.939101,-0.060899,-6.090,20.000,-26.090,NO,0.008677,0.000000,90.4,25.6,Meteora DLMM,Raydium CLMM
2026-09-07T13:56:47+00:00,Raydium CLMM,Meteora DLMM,100.000000,0.950715136,99.955591,-0.044409,-4.441,20.000,-24.441,NO,0.030408,0.012314,122.6,83.8,Raydium CLMM,Meteora DLMM
2026-09-07T13:56:57+00:00,Meteora DLMM,Raydium CLMM,100.000000,0.950852162,99.965826,-0.034174,-3.417,20.000,-23.417,NO,0.018893,0.013297,121.2,93.2,Meteora DLMM,Raydium CLMM
2026-09-07T14:02:14+00:00,Raydium CLMM,Meteora DLMM,100.000000,0.950796468,99.961197,-0.038803,-3.880,20.000,-23.880,NO,0.007246,0.029092,145.4,159.2,Raydium CLMM,Meteora DLMM
2026-09-07T14:02:23+00:00,Meteora DLMM,Raydium CLMM,100.000000,0.950727058,99.939566,-0.060434,-6.043,20.000,-26.043,NO,0.012423,0.050047,89.3,120.2,Meteora DLMM,Raydium CLMM
2026-09-07T14:44:59+00:00,Raydium CLMM,Meteora DLMM,100.000000,0.959279508,99.944707,-0.055293,-5.529,20.000,-25.529,NO,0.036482,0.018561,32.8,39.1,Raydium CLMM,Meteora DLMM
2026-09-07T14:45:08+00:00,Meteora DLMM,Raydium CLMM,100.000000,0.959635167,99.966508,-0.033492,-3.349,20.000,-23.349,NO,0.012021,0.032071,37.3,46.0,Meteora DLMM,Raydium CLMM
2026-09-07T15:49:57+00:00,Raydium CLMM,Meteora DLMM,100.000000,0.967414002,99.960304,-0.039696,-3.970,20.000,-23.970,NO,0.012834,0.030716,53.9,88.4,Raydium CLMM,Meteora DLMM
2026-09-07T15:50:06+00:00,Meteora DLMM,Raydium CLMM,100.000000,0.967535888,99.949149,-0.050851,-5.085,20.000,-25.085,NO,0.024836,0.049193,156.9,19.4,Meteora DLMM,Raydium CLMM
2026-09-07T15:54:36+00:00,Raydium CLMM,Meteora DLMM,100.000000,0.967921576,99.959222,-0.040778,-4.078,20.000,-24.078,NO,0.002133,0.020430,88.1,93.8,Raydium CLMM,Meteora DLMM
2026-09-07T15:54:45+00:00,Meteora DLMM,Raydium CLMM,100.000000,0.967810766,99.948884,-0.051116,-5.112,20.000,-25.112,NO,0.010369,0.042085,50.5,98.7,Meteora DLMM,Raydium CLMM
2026-09-07T18:19:09+00:00,Raydium CLMM,Meteora DLMM,100.000000,0.962388493,99.970671,-0.029329,-2.933,20.000,-22.933,NO,0.000000,0.029601,42.4,56.3,Raydium CLMM,Meteora DLMM
2026-09-07T18:19:18+00:00,Meteora DLMM,Raydium CLMM,100.000000,0.962309528,99.956069,-0.043931,-4.393,20.000,-24.393,NO,0.003859,0.034697,38.9,39.6,Meteora DLMM,Raydium CLMM
2026-09-07T18:39:11+00:00,Raydium CLMM,Meteora DLMM,100.000000,0.964136929,99.977989,-0.022011,-2.201,20.000,-22.201,NO,0.007321,0.016114,54.7,82.8,Raydium CLMM,Meteora DLMM
2026-09-07T18:39:20+00:00,Meteora DLMM,Raydium CLMM,100.000000,0.963839105,99.967456,-0.032544,-3.254,20.000,-23.254,NO,0.006904,0.021266,84.2,84.8,Meteora DLMM,Raydium CLMM
2026-09-07T21:10:48+00:00,Raydium CLMM,Meteora DLMM,100.000000,0.962512989,99.949020,-0.050980,-5.098,20.000,-25.098,NO,0.040342,0.014465,201.5,93.8,Raydium CLMM,Meteora DLMM
2026-09-07T21:10:58+00:00,Meteora DLMM,Raydium CLMM,100.000000,0.962810299,99.975037,-0.024963,-2.496,20.000,-22.496,NO,0.009281,0.015178,95.9,95.0,Meteora DLMM,Raydium CLMM
2026-09-07T21:53:01+00:00,Raydium CLMM,Meteora DLMM,100.000000,0.962578919,99.978151,-0.021849,-2.185,20.000,-22.185,NO,0.016579,0.012714,20.8,53.9,Raydium CLMM,Meteora DLMM
2026-09-07T21:53:12+00:00,Meteora DLMM,Raydium CLMM,100.000000,0.962514082,99.957244,-0.042756,-4.276,20.000,-24.276,NO,0.017378,0.039261,1866.6,116.6,Meteora DLMM,Raydium CLMM
2026-09-07T23:55:40+00:00,Raydium CLMM,Meteora DLMM,100.000000,0.962510413,99.939875,-0.060125,-6.012,20.000,-26.012,NO,0.046130,0.011374,113.5,39.2,Raydium CLMM,Meteora DLMM
2026-09-07T23:55:50+00:00,Meteora DLMM,Raydium CLMM,100.000000,0.962882486,99.979891,-0.020109,-2.011,20.000,-22.011,NO,0.000000,0.014779,64.5,69.3,Meteora DLMM,Raydium CLMM
2026-09-08T02:14:50+00:00,Raydium CLMM,Meteora DLMM,100.000000,0.959756531,99.972256,-0.027744,-2.774,20.000,-22.774,NO,0.024338,0.001164,70.6,71.5,Raydium CLMM,Meteora DLMM
2026-09-08T02:14:59+00:00,Meteora DLMM,Raydium CLMM,100.000000,0.959831261,99.955976,-0.044024,-4.402,20.000,-24.402,NO,0.015728,0.032881,51.8,86.1,Meteora DLMM,Raydium CLMM
2026-09-08T02:56:38+00:00,Raydium CLMM,Meteora DLMM,100.000000,0.967388820,100.001022,0.001022,0.102,20.000,-19.898,NO,0.018453,0.000000,89.4,162.2,Raydium CLMM,Meteora DLMM
2026-09-08T02:56:48+00:00,Meteora DLMM,Raydium CLMM,100.000000,0.966886057,99.942644,-0.057356,-5.736,20.000,-25.736,NO,0.010285,0.008160,119.2,82.9,Meteora DLMM,Raydium CLMM
2026-09-08T05:12:28+00:00,Raydium CLMM,Meteora DLMM,100.000000,0.969988856,99.962310,-0.037690,-3.769,20.000,-23.769,NO,0.013308,0.024450,40.8,90.5,Raydium CLMM,Meteora DLMM
2026-09-08T05:12:37+00:00,Meteora DLMM,Raydium CLMM,100.000000,0.969824059,99.945722,-0.054278,-5.428,20.000,-25.428,NO,0.012255,0.046855,95.9,88.4,Meteora DLMM,Raydium CLMM
2026-09-08T06:42:54+00:00,Raydium CLMM,Meteora DLMM,100.000000,0.974563261,99.953185,-0.046815,-4.682,20.000,-24.682,NO,0.041472,0.003400,28.8,79.3,Raydium CLMM,Meteora DLMM
2026-09-08T06:43:04+00:00,Meteora DLMM,Raydium CLMM,100.000000,0.974918500,99.978648,-0.021352,-2.135,20.000,-22.135,NO,0.018962,0.006128,94.4,104.1,Meteora DLMM,Raydium CLMM
2026-09-08T07:22:35+00:00,Raydium CLMM,Meteora DLMM,100.000000,0.972144952,99.974848,-0.025152,-2.515,20.000,-22.515,NO,0.013834,0.011670,94.1,40.1,Raydium CLMM,Meteora DLMM
2026-09-08T07:22:44+00:00,Meteora DLMM,Raydium CLMM,100.000000,0.972290193,99.963318,-0.036682,-3.668,20.000,-23.668,NO,0.016233,0.021539,89.3,87.6,Meteora DLMM,Raydium CLMM
2026-09-08T07:59:43+00:00,Raydium CLMM,Meteora DLMM,100.000000,0.971455692,99.963804,-0.036196,-3.620,20.000,-23.620,NO,0.022381,0.014718,65.5,101.4,Raydium CLMM,Meteora DLMM
2026-09-08T07:59:52+00:00,Meteora DLMM,Raydium CLMM,100.000000,0.971408303,99.940520,-0.059480,-5.948,20.000,-25.948,NO,0.011818,0.056832,80.3,87.7,Meteora DLMM,Raydium CLMM
2026-09-08T09:35:51+00:00,Raydium CLMM,Meteora DLMM,100.000000,0.966218268,99.971154,-0.028846,-2.885,20.000,-22.885,NO,0.018208,0.012718,45.1,80.4,Raydium CLMM,Meteora DLMM
2026-09-08T09:36:00+00:00,Meteora DLMM,Raydium CLMM,100.000000,0.966169786,99.943039,-0.056961,-5.696,20.000,-25.696,NO,0.013147,0.037491,45.0,42.9,Meteora DLMM,Raydium CLMM
2026-09-08T11:02:34+00:00,Raydium CLMM,Meteora DLMM,100.000000,0.966755283,99.948629,-0.051371,-5.137,20.000,-25.137,NO,0.026779,0.003328,45.9,38.2,Raydium CLMM,Meteora DLMM
2026-09-08T11:02:44+00:00,Meteora DLMM,Raydium CLMM,100.000000,0.967091711,99.970059,-0.029941,-2.994,20.000,-22.994,NO,0.016916,0.011522,32.3,34.2,Meteora DLMM,Raydium CLMM
2026-09-08T11:50:26+00:00,Raydium CLMM,Meteora DLMM,100.000000,0.972350010,99.952607,-0.047393,-4.739,20.000,-24.739,NO,0.032104,0.019379,97.5,81.4,Raydium CLMM,Meteora DLMM
2026-09-08T11:50:36+00:00,Meteora DLMM,Raydium CLMM,100.000000,0.972467738,99.933045,-0.066955,-6.695,20.000,-26.695,NO,0.034210,0.011411,82.1,141.3,Meteora DLMM,Raydium CLMM
2026-09-08T12:17:57+00:00,Raydium CLMM,Meteora DLMM,100.000000,0.973949504,99.939868,-0.060132,-6.013,20.000,-26.013,NO,0.037831,0.021904,133.2,137.3,Raydium CLMM,Meteora DLMM
2026-09-08T12:18:07+00:00,Meteora DLMM,Raydium CLMM,100.000000,0.974031556,99.943127,-0.056873,-5.687,20.000,-25.687,NO,0.007330,0.052707,149.5,148.8,Meteora DLMM,Raydium CLMM
2026-09-08T12:52:00+00:00,Raydium CLMM,Meteora DLMM,100.000000,0.969715296,99.957401,-0.042599,-4.260,20.000,-24.260,NO,0.015380,0.017744,92.4,73.0,Raydium CLMM,Meteora DLMM
2026-09-08T12:52:09+00:00,Meteora DLMM,Raydium CLMM,100.000000,0.969736688,99.948656,-0.051344,-5.134,20.000,-25.134,NO,0.022825,0.023799,80.1,77.2,Meteora DLMM,Raydium CLMM
2026-09-08T15:31:50+00:00,Raydium CLMM,Meteora DLMM,100.000000,0.966244817,99.966252,-0.033748,-3.375,20.000,-23.375,NO,0.009892,0.036059,36.7,44.0,Raydium CLMM,Meteora DLMM
2026-09-08T15:31:59+00:00,Meteora DLMM,Raydium CLMM,100.000000,0.966103238,99.950307,-0.049693,-4.969,20.000,-24.969,NO,0.000000,0.088701,53.2,103.0,Meteora DLMM,Raydium CLMM
2026-09-08T16:12:50+00:00,Raydium CLMM,Meteora DLMM,100.000000,0.963898554,99.961846,-0.038154,-3.815,20.000,-23.815,NO,0.007194,0.001438,146.8,95.9,Raydium CLMM,Meteora DLMM
2026-09-08T16:13:00+00:00,Meteora DLMM,Raydium CLMM,100.000000,0.964216972,99.961414,-0.038586,-3.859,20.000,-23.859,NO,0.031214,0.005009,186.0,181.4,Meteora DLMM,Raydium CLMM
2026-09-08T16:45:17+00:00,Raydium CLMM,Meteora DLMM,100.000000,0.957965320,99.962232,-0.037768,-3.777,20.000,-23.777,NO,0.007869,0.026378,120.3,94.7,Raydium CLMM,Meteora DLMM
2026-09-08T16:45:26+00:00,Meteora DLMM,Raydium CLMM,100.000000,0.958227261,99.938361,-0.061639,-6.164,20.000,-26.164,NO,0.034761,0.013844,135.2,64.0,Meteora DLMM,Raydium CLMM
2026-09-08T17:03:17+00:00,Raydium CLMM,Meteora DLMM,100.000000,0.958378741,99.944301,-0.055699,-5.570,20.000,-25.570,NO,0.053823,0.006170,72.5,85.9,Raydium CLMM,Meteora DLMM
2026-09-08T17:03:26+00:00,Meteora DLMM,Raydium CLMM,100.000000,0.958579559,99.967414,-0.032586,-3.259,20.000,-23.259,NO,0.000311,0.016367,50.3,57.2,Meteora DLMM,Raydium CLMM
2026-09-08T19:05:34+00:00,Raydium CLMM,Meteora DLMM,100.000000,0.965854965,99.955235,-0.044765,-4.477,20.000,-24.477,NO,0.028314,0.015488,36.3,25.2,Raydium CLMM,Meteora DLMM
2026-09-08T19:05:43+00:00,Meteora DLMM,Raydium CLMM,100.000000,0.965772670,99.945876,-0.054124,-5.412,20.000,-25.412,NO,0.023446,0.036022,160.2,24.4,Meteora DLMM,Raydium CLMM
2026-09-08T19:43:09+00:00,Raydium CLMM,Meteora DLMM,100.000000,0.968465008,99.965056,-0.034944,-3.494,20.000,-23.494,NO,0.015290,0.002725,25.7,162.2,Raydium CLMM,Meteora DLMM
2026-09-08T19:43:19+00:00,Meteora DLMM,Raydium CLMM,100.000000,0.968625389,99.966600,-0.033400,-3.340,20.000,-23.340,NO,0.017422,0.006182,26.5,20.7,Meteora DLMM,Raydium CLMM
2026-09-08T19:54:02+00:00,Raydium CLMM,Meteora DLMM,100.000000,0.970827597,99.920423,-0.079577,-7.958,20.000,-27.958,NO,0.037434,0.032267,89.6,109.9,Raydium CLMM,Meteora DLMM
2026-09-08T19:54:11+00:00,Meteora DLMM,Raydium CLMM,100.000000,0.971123086,99.965328,-0.034672,-3.467,20.000,-23.467,NO,0.010374,0.047034,23.0,56.2,Meteora DLMM,Raydium CLMM
2026-09-08T21:55:46+00:00,Raydium CLMM,Meteora DLMM,100.000000,0.971697017,99.969777,-0.030223,-3.022,20.000,-23.022,NO,0.011399,0.011109,127.3,106.7,Raydium CLMM,Meteora DLMM
2026-09-08T21:55:55+00:00,Meteora DLMM,Raydium CLMM,100.000000,0.971766225,99.968495,-0.031505,-3.150,20.000,-23.150,NO,0.011817,0.038553,120.8,116.2,Meteora DLMM,Raydium CLMM
2026-09-08T22:10:33+00:00,Raydium CLMM,Meteora DLMM,100.000000,0.969700541,99.963070,-0.036930,-3.693,20.000,-23.693,NO,0.021242,0.012987,120.1,95.3,Raydium CLMM,Meteora DLMM
2026-09-08T22:10:42+00:00,Meteora DLMM,Raydium CLMM,100.000000,0.970041114,99.983737,-0.016263,-1.626,20.000,-21.626,NO,0.005933,0.008162,145.3,143.6,Meteora DLMM,Raydium CLMM
2026-09-08T22:25:36+00:00,Raydium CLMM,Meteora DLMM,100.000000,0.967823571,99.959185,-0.040815,-4.081,20.000,-24.081,NO,0.026945,0.012758,55.6,70.3,Raydium CLMM,Meteora DLMM
2026-09-08T22:25:46+00:00,Meteora DLMM,Raydium CLMM,100.000000,0.967924190,99.952805,-0.047195,-4.719,20.000,-24.719,NO,0.000000,0.046154,87.6,50.6,Meteora DLMM,Raydium CLMM
2026-09-08T23:50:25+00:00,Raydium CLMM,Meteora DLMM,100.000000,0.967302784,99.957499,-0.042501,-4.250,20.000,-24.250,NO,0.025212,0.015754,113.8,103.6,Raydium CLMM,Meteora DLMM
2026-09-08T23:50:35+00:00,Meteora DLMM,Raydium CLMM,100.000000,0.967442666,99.955543,-0.044457,-4.446,20.000,-24.446,NO,0.014427,0.033098,93.3,83.7,Meteora DLMM,Raydium CLMM
2026-09-09T00:20:49+00:00,Raydium CLMM,Meteora DLMM,100.000000,0.963436172,99.974933,-0.025067,-2.507,20.000,-22.507,NO,0.005516,0.021883,112.1,52.7,Raydium CLMM,Meteora DLMM
2026-09-09T00:20:58+00:00,Meteora DLMM,Raydium CLMM,100.000000,0.963386694,99.966531,-0.033469,-3.347,20.000,-23.347,NO,0.012858,0.033982,131.6,129.0,Meteora DLMM,Raydium CLMM
2026-09-09T00:28:33+00:00,Raydium CLMM,Meteora DLMM,100.000000,0.964874590,99.967988,-0.032012,-3.201,20.000,-23.201,NO,0.003413,0.030056,116.0,114.9,Raydium CLMM,Meteora DLMM
2026-09-09T00:28:43+00:00,Meteora DLMM,Raydium CLMM,100.000000,0.964829206,99.959796,-0.040204,-4.020,20.000,-24.020,NO,0.010588,0.028368,58.9,67.8,Meteora DLMM,Raydium CLMM
2026-09-09T01:46:36+00:00,Raydium CLMM,Meteora DLMM,100.000000,0.962853227,99.974070,-0.025930,-2.593,20.000,-22.593,NO,0.012956,0.013363,57.1,102.3,Raydium CLMM,Meteora DLMM
2026-09-09T01:46:45+00:00,Meteora DLMM,Raydium CLMM,100.000000,0.962906282,99.954605,-0.045395,-4.540,20.000,-24.540,NO,0.015679,0.045623,40.3,90.0,Meteora DLMM,Raydium CLMM
2026-09-09T04:10:59+00:00,Raydium CLMM,Meteora DLMM,100.000000,0.964957578,99.951723,-0.048277,-4.828,20.000,-24.828,NO,0.043851,0.023898,118.2,112.6,Raydium CLMM,Meteora DLMM
2026-09-09T04:11:08+00:00,Meteora DLMM,Raydium CLMM,100.000000,0.965335470,99.971425,-0.028575,-2.858,20.000,-22.858,NO,0.016712,0.033258,120.3,119.2,Meteora DLMM,Raydium CLMM
2026-09-09T04:47:21+00:00,Raydium CLMM,Meteora DLMM,100.000000,0.960371666,99.971308,-0.028692,-2.869,20.000,-22.869,NO,0.019137,0.002645,64.6,36.4,Raydium CLMM,Meteora DLMM
2026-09-09T04:47:30+00:00,Meteora DLMM,Raydium CLMM,100.000000,0.959758954,99.959968,-0.040032,-4.003,20.000,-24.003,NO,0.000000,0.039077,36.3,74.0,Meteora DLMM,Raydium CLMM
2026-09-09T05:17:50+00:00,Raydium CLMM,Meteora DLMM,100.000000,0.955032145,99.926245,-0.073755,-7.376,20.000,-27.376,NO,0.022392,0.011771,85.6,87.6,Raydium CLMM,Meteora DLMM
2026-09-09T05:17:59+00:00,Meteora DLMM,Raydium CLMM,100.000000,0.955576710,99.945531,-0.054469,-5.447,20.000,-25.447,NO,0.027643,0.005770,157.4,86.7,Meteora DLMM,Raydium CLMM
2026-09-09T06:48:18+00:00,Raydium CLMM,Meteora DLMM,100.000000,0.955989229,99.958411,-0.041589,-4.159,20.000,-24.159,NO,0.033325,0.012355,104.3,63.5,Raydium CLMM,Meteora DLMM
2026-09-09T06:48:27+00:00,Meteora DLMM,Raydium CLMM,100.000000,0.956094247,99.958275,-0.041725,-4.173,20.000,-24.173,NO,0.025940,0.018813,33.1,65.1,Meteora DLMM,Raydium CLMM
2026-09-09T08:31:27+00:00,Raydium CLMM,Meteora DLMM,100.000000,0.953430765,99.975222,-0.024778,-2.478,20.000,-22.478,NO,0.010179,0.004637,38.9,32.3,Raydium CLMM,Meteora DLMM
2026-09-09T08:31:36+00:00,Meteora DLMM,Raydium CLMM,100.000000,0.953367311,99.960432,-0.039568,-3.957,20.000,-23.957,NO,0.021404,0.025557,36.6,34.5,Meteora DLMM,Raydium CLMM
2026-09-09T09:20:33+00:00,Raydium CLMM,Meteora DLMM,100.000000,0.957493736,99.939614,-0.060386,-6.039,20.000,-26.039,NO,0.049488,0.019012,152.3,149.6,Raydium CLMM,Meteora DLMM
2026-09-09T09:20:42+00:00,Meteora DLMM,Raydium CLMM,100.000000,0.957814985,99.975445,-0.024555,-2.456,20.000,-22.456,NO,0.010325,0.016594,143.9,137.9,Meteora DLMM,Raydium CLMM
2026-09-09T09:58:21+00:00,Raydium CLMM,Meteora DLMM,100.000000,0.965847192,99.974075,-0.025925,-2.593,20.000,-22.593,NO,0.032241,0.008344,165.0,147.0,Raydium CLMM,Meteora DLMM
2026-09-09T09:58:30+00:00,Meteora DLMM,Raydium CLMM,100.000000,0.965888750,99.954958,-0.045042,-4.504,20.000,-24.504,NO,0.021537,0.023946,102.8,123.7,Meteora DLMM,Raydium CLMM
2026-09-09T12:06:02+00:00,Raydium CLMM,Meteora DLMM,100.000000,0.959942491,99.977445,-0.022555,-2.256,20.000,-22.256,NO,0.000000,0.021333,71.4,49.4,Raydium CLMM,Meteora DLMM
2026-09-09T12:06:12+00:00,Meteora DLMM,Raydium CLMM,100.000000,0.959530000,99.947165,-0.052835,-5.284,20.000,-25.284,NO,0.011948,0.048307,93.4,58.3,Meteora DLMM,Raydium CLMM
2026-09-09T13:52:00+00:00,Raydium CLMM,Meteora DLMM,100.000000,0.960798438,99.916224,-0.083776,-8.378,20.000,-28.378,NO,0.034938,0.034530,138.6,189.1,Raydium CLMM,Meteora DLMM
2026-09-09T13:52:09+00:00,Meteora DLMM,Raydium CLMM,100.000000,0.961058046,99.943767,-0.056233,-5.623,20.000,-25.623,NO,0.046847,0.014264,133.4,86.9,Meteora DLMM,Raydium CLMM
2026-09-09T14:35:35+00:00,Raydium CLMM,Meteora DLMM,100.000000,0.960749665,99.974784,-0.025216,-2.522,20.000,-22.522,NO,0.036708,0.027022,65.7,126.7,Raydium CLMM,Meteora DLMM
2026-09-09T14:35:44+00:00,Meteora DLMM,Raydium CLMM,100.000000,0.960213464,99.933709,-0.066291,-6.629,20.000,-26.629,NO,0.032691,0.025828,33.4,163.2,Meteora DLMM,Raydium CLMM
2026-09-09T16:39:58+00:00,Raydium CLMM,Meteora DLMM,100.000000,0.967146952,99.965860,-0.034140,-3.414,20.000,-23.414,NO,0.006309,0.030202,32.5,37.9,Raydium CLMM,Meteora DLMM
2026-09-09T16:40:08+00:00,Meteora DLMM,Raydium CLMM,100.000000,0.967297907,99.950568,-0.049432,-4.943,20.000,-24.943,NO,0.021574,0.033724,32.2,33.1,Meteora DLMM,Raydium CLMM
2026-09-09T17:26:47+00:00,Raydium CLMM,Meteora DLMM,100.000000,0.963628639,99.947567,-0.052433,-5.243,20.000,-25.243,NO,0.040514,0.016547,91.8,89.8,Raydium CLMM,Meteora DLMM
2026-09-09T17:26:56+00:00,Meteora DLMM,Raydium CLMM,100.000000,0.963852713,99.968568,-0.031432,-3.143,20.000,-23.143,NO,0.004388,0.027619,68.2,50.5,Meteora DLMM,Raydium CLMM
2026-09-09T18:00:00+00:00,Raydium CLMM,Meteora DLMM,100.000000,0.965532166,99.942073,-0.057927,-5.793,20.000,-25.793,NO,0.044394,0.010967,55.2,39.4,Raydium CLMM,Meteora DLMM
2026-09-09T18:00:09+00:00,Meteora DLMM,Raydium CLMM,100.000000,0.965800004,99.970238,-0.029762,-2.976,20.000,-22.976,NO,0.003555,0.047580,34.7,35.2,Meteora DLMM,Raydium CLMM
2026-09-09T19:35:32+00:00,Raydium CLMM,Meteora DLMM,100.000000,0.970213521,99.928216,-0.071784,-7.178,20.000,-27.178,NO,0.047312,0.028956,38.0,84.9,Raydium CLMM,Meteora DLMM
2026-09-09T19:35:42+00:00,Meteora DLMM,Raydium CLMM,100.000000,0.970540772,99.980894,-0.019106,-1.911,20.000,-21.911,NO,0.002467,0.006334,63.0,113.5,Meteora DLMM,Raydium CLMM
2026-09-09T20:04:12+00:00,Raydium CLMM,Meteora DLMM,100.000000,0.977073248,99.944546,-0.055454,-5.545,20.000,-25.545,NO,0.022088,0.014234,99.7,94.8,Raydium CLMM,Meteora DLMM
2026-09-09T20:04:21+00:00,Meteora DLMM,Raydium CLMM,100.000000,0.977345810,99.946978,-0.053022,-5.302,20.000,-25.302,NO,0.029532,0.021056,107.0,20.1,Meteora DLMM,Raydium CLMM
2026-09-09T20:55:43+00:00,Raydium CLMM,Meteora DLMM,100.000000,0.976536271,99.965813,-0.034187,-3.419,20.000,-23.419,NO,0.019762,0.008768,98.0,51.8,Raydium CLMM,Meteora DLMM
2026-09-09T20:55:52+00:00,Meteora DLMM,Raydium CLMM,100.000000,0.976265517,99.936516,-0.063484,-6.348,20.000,-26.348,NO,0.014041,0.051905,91.8,86.1,Meteora DLMM,Raydium CLMM
2026-09-09T22:21:07+00:00,Raydium CLMM,Meteora DLMM,100.000000,0.985476651,99.965125,-0.034875,-3.488,20.000,-23.488,NO,0.008646,0.031545,42.3,46.4,Raydium CLMM,Meteora DLMM
2026-09-09T22:21:16+00:00,Meteora DLMM,Raydium CLMM,100.000000,0.984915409,99.928394,-0.071606,-7.161,20.000,-27.161,NO,0.038551,0.049500,48.3,33.6,Meteora DLMM,Raydium CLMM
2026-09-09T23:07:00+00:00,Raydium CLMM,Meteora DLMM,100.000000,0.985892424,99.988141,-0.011859,-1.186,20.000,-21.186,NO,0.009046,0.020929,54.9,58.6,Raydium CLMM,Meteora DLMM
2026-09-09T23:07:09+00:00,Meteora DLMM,Raydium CLMM,100.000000,0.985842919,99.944274,-0.055726,-5.573,20.000,-25.573,NO,0.019249,0.049037,51.8,48.0,Meteora DLMM,Raydium CLMM
2026-09-10T00:12:40+00:00,Raydium CLMM,Meteora DLMM,100.000000,0.984257210,99.943156,-0.056844,-5.684,20.000,-25.684,NO,0.046695,0.013388,63.6,88.1,Raydium CLMM,Meteora DLMM
2026-09-10T00:12:50+00:00,Meteora DLMM,Raydium CLMM,100.000000,0.984716446,99.954898,-0.045102,-4.510,20.000,-24.510,NO,0.016308,0.000528,57.2,35.8,Meteora DLMM,Raydium CLMM
2026-09-10T01:03:39+00:00,Raydium CLMM,Meteora DLMM,100.000000,0.987221602,99.959446,-0.040554,-4.055,20.000,-24.055,NO,0.013263,0.040693,38.2,34.1,Raydium CLMM,Meteora DLMM
2026-09-10T01:03:48+00:00,Meteora DLMM,Raydium CLMM,100.000000,0.987067609,99.944841,-0.055159,-5.516,20.000,-25.516,NO,0.009974,0.049078,40.4,39.0,Meteora DLMM,Raydium CLMM
2026-09-10T04:32:29+00:00,Raydium CLMM,Meteora DLMM,100.000000,0.979136575,99.973848,-0.026152,-2.615,20.000,-22.615,NO,0.002734,0.009380,139.8,111.8,Raydium CLMM,Meteora DLMM
2026-09-10T04:32:38+00:00,Meteora DLMM,Raydium CLMM,100.000000,0.979479354,99.968548,-0.031452,-3.145,20.000,-23.145,NO,0.002285,0.013880,95.0,138.2,Meteora DLMM,Raydium CLMM
2026-09-10T04:49:38+00:00,Raydium CLMM,Meteora DLMM,100.000000,0.980791002,99.953047,-0.046953,-4.695,20.000,-24.695,NO,0.030006,0.018620,143.3,145.1,Raydium CLMM,Meteora DLMM
2026-09-10T04:49:47+00:00,Meteora DLMM,Raydium CLMM,100.000000,0.980983361,99.956726,-0.043274,-4.327,20.000,-24.327,NO,0.008851,0.032111,91.5,94.9,Meteora DLMM,Raydium CLMM
2026-09-10T05:40:47+00:00,Raydium CLMM,Meteora DLMM,100.000000,0.980446029,99.955074,-0.044926,-4.493,20.000,-24.493,NO,0.027281,0.015248,30.9,64.8,Raydium CLMM,Meteora DLMM
2026-09-10T05:40:56+00:00,Meteora DLMM,Raydium CLMM,100.000000,0.980588045,99.954226,-0.045774,-4.577,20.000,-24.577,NO,0.028845,0.021980,46.5,47.8,Meteora DLMM,Raydium CLMM
2026-09-10T05:57:55+00:00,Raydium CLMM,Meteora DLMM,100.000000,0.979850859,99.974123,-0.025877,-2.588,20.000,-22.588,NO,0.027084,0.000000,66.2,22.5,Raydium CLMM,Meteora DLMM
2026-09-10T05:58:04+00:00,Meteora DLMM,Raydium CLMM,100.000000,0.979827066,99.944002,-0.055998,-5.600,20.000,-25.600,NO,0.007456,0.050562,22.6,22.5,Meteora DLMM,Raydium CLMM
2026-09-10T08:47:06+00:00,Raydium CLMM,Meteora DLMM,100.000000,0.988116007,99.963776,-0.036224,-3.622,20.000,-23.622,NO,0.016841,0.019674,42.4,104.2,Raydium CLMM,Meteora DLMM
2026-09-10T08:47:15+00:00,Meteora DLMM,Raydium CLMM,100.000000,0.988164779,99.941186,-0.058814,-5.881,20.000,-25.881,NO,0.015182,0.051113,65.4,96.9,Meteora DLMM,Raydium CLMM
2026-09-10T09:19:26+00:00,Raydium CLMM,Meteora DLMM,100.000000,0.987132632,99.958351,-0.041649,-4.165,20.000,-24.165,NO,0.022656,0.017239,71.5,44.9,Raydium CLMM,Meteora DLMM
2026-09-10T09:19:35+00:00,Meteora DLMM,Raydium CLMM,100.000000,0.987277434,99.989360,-0.010640,-1.064,20.000,-21.064,NO,0.008346,0.003383,118.3,119.6,Meteora DLMM,Raydium CLMM
2026-09-10T09:36:15+00:00,Raydium CLMM,Meteora DLMM,100.000000,0.990222580,99.955907,-0.044093,-4.409,20.000,-24.409,NO,0.037582,0.013374,84.2,116.9,Raydium CLMM,Meteora DLMM
2026-09-10T09:36:25+00:00,Meteora DLMM,Raydium CLMM,100.000000,0.990207721,99.940952,-0.059048,-5.905,20.000,-25.905,NO,0.046874,0.008253,64.0,74.3,Meteora DLMM,Raydium CLMM
2026-09-10T11:17:57+00:00,Raydium CLMM,Meteora DLMM,100.000000,0.987708833,99.941520,-0.058480,-5.848,20.000,-25.848,NO,0.053176,0.007633,87.3,73.7,Raydium CLMM,Meteora DLMM
2026-09-10T11:18:07+00:00,Meteora DLMM,Raydium CLMM,100.000000,0.987986582,99.956182,-0.043818,-4.382,20.000,-24.382,NO,0.029415,0.024109,49.5,53.5,Meteora DLMM,Raydium CLMM
2026-09-10T13:40:33+00:00,Raydium CLMM,Meteora DLMM,100.000000,1.004618312,99.955823,-0.044177,-4.418,20.000,-24.418,NO,0.016473,0.022871,110.9,51.7,Raydium CLMM,Meteora DLMM
2026-09-10T13:40:42+00:00,Meteora DLMM,Raydium CLMM,100.000000,1.005050234,99.938751,-0.061249,-6.125,20.000,-26.125,NO,0.037638,0.059497,97.6,46.6,Meteora DLMM,Raydium CLMM
2026-09-10T14:18:50+00:00,Raydium CLMM,Meteora DLMM,100.000000,1.006730006,99.950584,-0.049416,-4.942,20.000,-24.942,NO,0.029160,0.006934,93.8,99.7,Raydium CLMM,Meteora DLMM
2026-09-10T14:19:00+00:00,Meteora DLMM,Raydium CLMM,100.000000,1.006914594,99.952932,-0.047068,-4.707,20.000,-24.707,NO,0.011595,0.049381,127.5,57.2,Meteora DLMM,Raydium CLMM
2026-09-10T15:05:15+00:00,Raydium CLMM,Meteora DLMM,100.000000,1.000802033,99.960201,-0.039799,-3.980,20.000,-23.980,NO,0.015026,0.054993,146.9,139.2,Raydium CLMM,Meteora DLMM
2026-09-10T15:05:24+00:00,Meteora DLMM,Raydium CLMM,100.000000,1.000299749,99.940642,-0.059358,-5.936,20.000,-25.936,NO,0.015392,0.046228,98.4,147.7,Meteora DLMM,Raydium CLMM
2026-09-10T17:17:16+00:00,Raydium CLMM,Meteora DLMM,100.000000,1.001801711,99.959739,-0.040261,-4.026,20.000,-24.026,NO,0.014958,0.021095,20.4,27.1,Raydium CLMM,Meteora DLMM
2026-09-10T17:17:26+00:00,Meteora DLMM,Raydium CLMM,100.000000,1.002180801,99.959680,-0.040320,-4.032,20.000,-24.032,NO,0.014475,0.042323,166.7,44.5,Meteora DLMM,Raydium CLMM
2026-09-10T18:20:11+00:00,Raydium CLMM,Meteora DLMM,100.000000,1.006980623,99.984894,-0.015106,-1.511,20.000,-21.511,NO,0.005886,0.006208,41.6,93.3,Raydium CLMM,Meteora DLMM
2026-09-10T18:20:21+00:00,Meteora DLMM,Raydium CLMM,100.000000,1.006570907,99.959145,-0.040855,-4.085,20.000,-24.085,NO,0.044054,0.000000,50.2,66.8,Meteora DLMM,Raydium CLMM
2026-09-10T18:27:09+00:00,Raydium CLMM,Meteora DLMM,100.000000,1.006461009,99.953275,-0.046725,-4.672,20.000,-24.672,NO,0.035319,0.021168,135.7,83.2,Raydium CLMM,Meteora DLMM
2026-09-10T18:27:18+00:00,Meteora DLMM,Raydium CLMM,100.000000,1.006619180,99.952994,-0.047006,-4.701,20.000,-24.701,NO,0.015651,0.043159,160.1,67.4,Meteora DLMM,Raydium CLMM
2026-09-10T19:03:06+00:00,Raydium CLMM,Meteora DLMM,100.000000,1.001772335,99.947471,-0.052529,-5.253,20.000,-25.253,NO,0.030286,0.023539,156.8,144.4,Raydium CLMM,Meteora DLMM
2026-09-10T19:03:16+00:00,Meteora DLMM,Raydium CLMM,100.000000,1.002000259,99.960693,-0.039307,-3.931,20.000,-23.931,NO,0.014740,0.025528,128.4,143.0,Meteora DLMM,Raydium CLMM
2026-09-10T19:49:57+00:00,Raydium CLMM,Meteora DLMM,100.000000,1.002131664,99.961133,-0.038867,-3.887,20.000,-23.887,NO,0.033384,0.031287,139.0,93.8,Raydium CLMM,Meteora DLMM
2026-09-10T19:50:06+00:00,Meteora DLMM,Raydium CLMM,100.000000,1.002369819,99.941953,-0.058047,-5.805,20.000,-25.805,NO,0.028794,0.000151,149.5,178.5,Meteora DLMM,Raydium CLMM
2026-09-10T20:48:21+00:00,Raydium CLMM,Meteora DLMM,100.000000,1.000292102,99.938879,-0.061121,-6.112,20.000,-26.112,NO,0.041604,0.023430,80.9,85.9,Raydium CLMM,Meteora DLMM
2026-09-10T20:48:30+00:00,Meteora DLMM,Raydium CLMM,100.000000,1.000599749,99.975387,-0.024613,-2.461,20.000,-22.461,NO,0.008108,0.012370,35.1,108.0,Meteora DLMM,Raydium CLMM
2026-09-10T21:08:06+00:00,Raydium CLMM,Meteora DLMM,100.000000,0.999862270,99.966003,-0.033997,-3.400,20.000,-23.400,NO,0.022997,0.027271,58.7,75.0,Raydium CLMM,Meteora DLMM
2026-09-10T21:08:16+00:00,Meteora DLMM,Raydium CLMM,100.000000,0.999767085,99.958995,-0.041005,-4.100,20.000,-24.100,NO,0.005282,0.035641,89.2,74.9,Meteora DLMM,Raydium CLMM
2026-09-10T21:34:28+00:00,Raydium CLMM,Meteora DLMM,100.000000,1.000335688,99.963581,-0.036419,-3.642,20.000,-23.642,NO,0.033366,0.005426,88.9,86.9,Raydium CLMM,Meteora DLMM
2026-09-10T21:34:37+00:00,Meteora DLMM,Raydium CLMM,100.000000,1.000690922,99.977963,-0.022037,-2.204,20.000,-22.204,NO,0.005124,0.010650,86.5,42.3,Meteora DLMM,Raydium CLMM
2026-09-10T22:02:59+00:00,Raydium CLMM,Meteora DLMM,100.000000,1.002063350,99.955908,-0.044092,-4.409,20.000,-24.409,NO,0.030723,0.000000,92.5,92.6,Raydium CLMM,Meteora DLMM
2026-09-10T22:03:08+00:00,Meteora DLMM,Raydium CLMM,100.000000,1.001993609,99.951076,-0.048924,-4.892,20.000,-24.892,NO,0.023391,0.017091,89.1,97.5,Meteora DLMM,Raydium CLMM
2026-09-10T22:15:41+00:00,Raydium CLMM,Meteora DLMM,100.000000,0.999985095,99.961487,-0.038513,-3.851,20.000,-23.851,NO,0.005534,0.033432,106.9,35.4,Raydium CLMM,Meteora DLMM
2026-09-10T22:15:50+00:00,Meteora DLMM,Raydium CLMM,100.000000,0.999968256,99.959791,-0.040209,-4.021,20.000,-24.021,NO,0.026381,0.027281,138.8,38.9,Meteora DLMM,Raydium CLMM
2026-09-10T23:11:14+00:00,Raydium CLMM,Meteora DLMM,100.000000,1.008402080,99.936778,-0.063222,-6.322,20.000,-26.322,NO,0.022792,0.008094,178.7,95.1,Raydium CLMM,Meteora DLMM
2026-09-10T23:11:23+00:00,Meteora DLMM,Raydium CLMM,100.000000,1.008636369,99.940871,-0.059129,-5.913,20.000,-25.913,NO,0.044912,0.012885,141.9,137.5,Meteora DLMM,Raydium CLMM
2026-09-10T23:43:15+00:00,Raydium CLMM,Meteora DLMM,100.000000,1.008936637,99.964741,-0.035259,-3.526,20.000,-23.526,NO,0.013854,0.025963,30.6,104.0,Raydium CLMM,Meteora DLMM
2026-09-10T23:43:25+00:00,Meteora DLMM,Raydium CLMM,100.000000,1.008928789,99.954614,-0.045386,-4.539,20.000,-24.539,NO,0.011980,0.039575,30.4,44.6,Meteora DLMM,Raydium CLMM
2026-09-11T00:02:12+00:00,Raydium CLMM,Meteora DLMM,100.000000,1.011776352,99.914901,-0.085099,-8.510,20.000,-28.510,NO,0.038725,0.035767,57.8,33.2,Raydium CLMM,Meteora DLMM
2026-09-11T00:02:21+00:00,Meteora DLMM,Raydium CLMM,100.000000,1.011696540,99.951711,-0.048289,-4.829,20.000,-24.829,NO,0.009269,0.039852,33.2,41.3,Meteora DLMM,Raydium CLMM
2026-09-11T01:08:36+00:00,Raydium CLMM,Meteora DLMM,100.000000,1.005558204,99.943391,-0.056609,-5.661,20.000,-25.661,NO,0.043066,0.013154,75.4,83.0,Raydium CLMM,Meteora DLMM
2026-09-11T01:08:45+00:00,Meteora DLMM,Raydium CLMM,100.000000,1.005917868,99.979221,-0.020779,-2.078,20.000,-22.078,NO,0.009962,0.007882,64.7,109.5,Meteora DLMM,Raydium CLMM
2026-09-11T03:13:58+00:00,Raydium CLMM,Meteora DLMM,100.000000,1.007102933,99.937856,-0.062144,-6.214,20.000,-26.214,NO,0.006978,0.000000,103.7,88.2,Raydium CLMM,Meteora DLMM
2026-09-11T03:14:07+00:00,Meteora DLMM,Raydium CLMM,100.000000,1.007023922,99.951362,-0.048638,-4.864,20.000,-24.864,NO,0.019114,0.010675,41.9,68.0,Meteora DLMM,Raydium CLMM
2026-09-11T04:33:47+00:00,Raydium CLMM,Meteora DLMM,100.000000,1.001133419,99.952785,-0.047215,-4.721,20.000,-24.721,NO,0.038070,0.007859,90.6,121.7,Raydium CLMM,Meteora DLMM
2026-09-11T04:33:57+00:00,Meteora DLMM,Raydium CLMM,100.000000,1.001348156,99.970884,-0.029116,-2.912,20.000,-22.912,NO,0.007601,0.030202,143.8,117.6,Meteora DLMM,Raydium CLMM
2026-09-11T06:00:12+00:00,Raydium CLMM,Meteora DLMM,100.000000,1.001145458,99.975500,-0.024500,-2.450,20.000,-22.450,NO,0.004428,0.021303,94.8,66.7,Raydium CLMM,Meteora DLMM
2026-09-11T06:00:21+00:00,Meteora DLMM,Raydium CLMM,100.000000,1.001289684,99.969098,-0.030902,-3.090,20.000,-23.090,NO,0.010853,0.027999,54.7,49.8,Meteora DLMM,Raydium CLMM
2026-09-11T06:31:39+00:00,Raydium CLMM,Meteora DLMM,100.000000,1.003002005,99.968204,-0.031796,-3.180,20.000,-23.180,NO,0.025496,0.012237,103.0,152.7,Raydium CLMM,Meteora DLMM
2026-09-11T06:31:48+00:00,Meteora DLMM,Raydium CLMM,100.000000,1.003001344,99.950397,-0.049603,-4.960,20.000,-24.960,NO,0.020481,0.044626,144.4,63.7,Meteora DLMM,Raydium CLMM
2026-09-11T08:30:14+00:00,Raydium CLMM,Meteora DLMM,100.000000,1.001471979,99.974921,-0.025079,-2.508,20.000,-22.508,NO,0.003395,0.016562,147.6,146.6,Raydium CLMM,Meteora DLMM
2026-09-11T08:30:23+00:00,Meteora DLMM,Raydium CLMM,100.000000,1.001354626,99.961793,-0.038207,-3.821,20.000,-23.821,NO,0.001957,0.047349,157.2,95.5,Meteora DLMM,Raydium CLMM
2026-09-11T09:14:11+00:00,Raydium CLMM,Meteora DLMM,100.000000,1.002365882,99.946341,-0.053659,-5.366,20.000,-25.366,NO,0.046517,0.000000,47.7,161.1,Raydium CLMM,Meteora DLMM
2026-09-11T09:14:21+00:00,Meteora DLMM,Raydium CLMM,100.000000,1.002687251,99.964074,-0.035926,-3.593,20.000,-23.593,NO,0.012854,0.012468,70.1,18.0,Meteora DLMM,Raydium CLMM
2026-09-11T09:33:24+00:00,Raydium CLMM,Meteora DLMM,100.000000,1.003396860,99.950455,-0.049545,-4.954,20.000,-24.954,NO,0.030488,0.025906,103.1,128.5,Raydium CLMM,Meteora DLMM
2026-09-11T09:33:33+00:00,Meteora DLMM,Raydium CLMM,100.000000,1.003603084,99.967036,-0.032964,-3.296,20.000,-23.296,NO,0.004708,0.022591,96.9,82.5,Meteora DLMM,Raydium CLMM
2026-09-11T11:19:23+00:00,Raydium CLMM,Meteora DLMM,100.000000,1.011394773,99.951224,-0.048776,-4.878,20.000,-24.878,NO,0.041529,0.014919,94.9,66.7,Raydium CLMM,Meteora DLMM
2026-09-11T11:19:32+00:00,Meteora DLMM,Raydium CLMM,100.000000,1.011337030,99.943894,-0.056106,-5.611,20.000,-25.611,NO,0.019776,0.038032,90.3,152.1,Meteora DLMM,Raydium CLMM
2026-09-11T12:49:56+00:00,Raydium CLMM,Meteora DLMM,100.000000,0.987497072,99.937260,-0.062740,-6.274,20.000,-26.274,NO,0.008601,0.038834,42.9,103.0,Raydium CLMM,Meteora DLMM
2026-09-11T12:50:05+00:00,Meteora DLMM,Raydium CLMM,100.000000,0.987824213,99.958649,-0.041351,-4.135,20.000,-24.135,NO,0.012140,0.054119,99.5,101.1,Meteora DLMM,Raydium CLMM
2026-09-11T13:08:30+00:00,Raydium CLMM,Meteora DLMM,100.000000,0.987166522,99.918335,-0.081665,-8.166,20.000,-28.166,NO,0.014734,0.004011,40.0,47.3,Raydium CLMM,Meteora DLMM
2026-09-11T13:08:39+00:00,Meteora DLMM,Raydium CLMM,100.000000,0.987479392,99.934287,-0.065713,-6.571,20.000,-26.571,NO,0.040280,0.019886,63.6,68.7,Meteora DLMM,Raydium CLMM
2026-09-11T13:23:36+00:00,Raydium CLMM,Meteora DLMM,100.000000,0.984116741,99.968809,-0.031191,-3.119,20.000,-23.119,NO,0.010496,0.011390,69.0,50.1,Raydium CLMM,Meteora DLMM
2026-09-11T13:23:45+00:00,Meteora DLMM,Raydium CLMM,100.000000,0.984156177,99.962698,-0.037302,-3.730,20.000,-23.730,NO,0.011676,0.038136,91.7,85.2,Meteora DLMM,Raydium CLMM
2026-09-11T14:19:38+00:00,Raydium CLMM,Meteora DLMM,100.000000,0.963069951,99.940463,-0.059537,-5.954,20.000,-25.954,NO,0.045081,0.026509,29.6,30.7,Raydium CLMM,Meteora DLMM
2026-09-11T14:19:48+00:00,Meteora DLMM,Raydium CLMM,100.000000,0.962703678,99.946892,-0.053108,-5.311,20.000,-25.311,NO,0.017619,0.027920,96.0,38.3,Meteora DLMM,Raydium CLMM
2026-09-11T15:08:17+00:00,Raydium CLMM,Meteora DLMM,100.000000,0.970020451,99.954310,-0.045690,-4.569,20.000,-24.569,NO,0.033528,0.002232,19.5,114.1,Raydium CLMM,Meteora DLMM
2026-09-11T15:08:26+00:00,Meteora DLMM,Raydium CLMM,100.000000,0.970408535,99.972930,-0.027070,-2.707,20.000,-22.707,NO,0.025018,0.030879,88.2,25.1,Meteora DLMM,Raydium CLMM
2026-09-11T15:26:32+00:00,Raydium CLMM,Meteora DLMM,100.000000,0.966878660,99.951526,-0.048474,-4.847,20.000,-24.847,NO,0.041860,0.020471,33.9,33.2,Raydium CLMM,Meteora DLMM
2026-09-11T15:26:41+00:00,Meteora DLMM,Raydium CLMM,100.000000,0.966835706,99.947011,-0.052989,-5.299,20.000,-25.299,NO,0.010879,0.050929,33.9,48.0,Meteora DLMM,Raydium CLMM
2026-09-11T17:09:49+00:00,Raydium CLMM,Meteora DLMM,100.000000,0.978055506,99.954006,-0.045994,-4.599,20.000,-24.599,NO,0.041070,0.004695,158.7,94.9,Raydium CLMM,Meteora DLMM
2026-09-11T17:09:59+00:00,Meteora DLMM,Raydium CLMM,100.000000,0.978099879,99.950584,-0.049416,-4.942,20.000,-24.942,NO,0.008392,0.038413,147.6,149.9,Meteora DLMM,Raydium CLMM
2026-09-11T18:24:00+00:00,Raydium CLMM,Meteora DLMM,100.000000,0.986856226,99.966608,-0.033392,-3.339,20.000,-23.339,NO,0.016971,0.025443,84.0,76.5,Raydium CLMM,Meteora DLMM
2026-09-11T18:24:10+00:00,Meteora DLMM,Raydium CLMM,100.000000,0.987079662,99.969144,-0.030856,-3.086,20.000,-23.086,NO,0.006444,0.022120,57.0,54.9,Meteora DLMM,Raydium CLMM
2026-09-11T18:33:30+00:00,Raydium CLMM,Meteora DLMM,100.000000,0.986493580,99.972417,-0.027583,-2.758,20.000,-22.758,NO,0.015529,0.031402,51.9,72.4,Raydium CLMM,Meteora DLMM
2026-09-11T18:33:39+00:00,Meteora DLMM,Raydium CLMM,100.000000,0.986361950,99.943878,-0.056122,-5.612,20.000,-25.612,NO,0.007345,0.046728,27.1,50.4,Meteora DLMM,Raydium CLMM
2026-09-11T19:44:47+00:00,Raydium CLMM,Meteora DLMM,100.000000,0.983255790,99.976270,-0.023730,-2.373,20.000,-22.373,NO,0.002670,0.008865,109.5,103.0,Raydium CLMM,Meteora DLMM
2026-09-11T19:44:57+00:00,Meteora DLMM,Raydium CLMM,100.000000,0.983206710,99.947573,-0.052427,-5.243,20.000,-25.243,NO,0.009844,0.044918,69.8,39.7,Meteora DLMM,Raydium CLMM
2026-09-11T21:18:40+00:00,Raydium CLMM,Meteora DLMM,100.000000,0.971331815,99.970966,-0.029034,-2.903,20.000,-22.903,NO,0.016672,0.012095,88.1,28.9,Raydium CLMM,Meteora DLMM
2026-09-11T21:18:49+00:00,Meteora DLMM,Raydium CLMM,100.000000,0.971507018,99.957761,-0.042239,-4.224,20.000,-24.224,NO,0.005955,0.037859,20.4,67.5,Meteora DLMM,Raydium CLMM
2026-09-11T21:40:51+00:00,Raydium CLMM,Meteora DLMM,100.000000,0.974554177,99.946341,-0.053659,-5.366,20.000,-25.366,NO,0.048975,0.000751,94.7,21.1,Raydium CLMM,Meteora DLMM
2026-09-11T21:41:00+00:00,Meteora DLMM,Raydium CLMM,100.000000,0.974838490,99.964174,-0.035826,-3.583,20.000,-23.583,NO,0.028600,0.003552,88.6,153.2,Meteora DLMM,Raydium CLMM
2026-09-11T22:09:09+00:00,Raydium CLMM,Meteora DLMM,100.000000,0.979625144,99.931287,-0.068713,-6.871,20.000,-26.871,NO,0.054655,0.012747,99.8,36.7,Raydium CLMM,Meteora DLMM
2026-09-11T22:09:19+00:00,Meteora DLMM,Raydium CLMM,100.000000,0.980274692,99.948324,-0.051676,-5.168,20.000,-25.168,NO,0.040757,0.000474,65.4,30.4,Meteora DLMM,Raydium CLMM
2026-09-11T23:26:54+00:00,Raydium CLMM,Meteora DLMM,100.000000,0.978128131,99.977892,-0.022108,-2.211,20.000,-22.211,NO,0.001931,0.016336,125.7,170.3,Raydium CLMM,Meteora DLMM
2026-09-11T23:27:03+00:00,Meteora DLMM,Raydium CLMM,100.000000,0.978142919,99.951017,-0.048983,-4.898,20.000,-24.898,NO,0.005930,0.026335,105.6,107.8,Meteora DLMM,Raydium CLMM
2026-09-12T00:14:40+00:00,Raydium CLMM,Meteora DLMM,100.000000,0.977102654,99.962792,-0.037208,-3.721,20.000,-23.721,NO,0.020908,0.024649,102.0,59.2,Raydium CLMM,Meteora DLMM
2026-09-12T00:14:49+00:00,Meteora DLMM,Raydium CLMM,100.000000,0.977149394,99.945405,-0.054595,-5.460,20.000,-25.460,NO,0.011720,0.045658,96.4,82.3,Meteora DLMM,Raydium CLMM
2026-09-12T01:27:53+00:00,Raydium CLMM,Meteora DLMM,100.000000,0.979752459,99.954106,-0.045894,-4.589,20.000,-24.589,NO,0.013691,0.024162,198.1,120.5,Raydium CLMM,Meteora DLMM
2026-09-12T01:28:03+00:00,Meteora DLMM,Raydium CLMM,100.000000,0.979918374,99.972049,-0.027951,-2.795,20.000,-22.795,NO,0.023311,0.000000,121.5,144.9,Meteora DLMM,Raydium CLMM
2026-09-12T04:35:09+00:00,Raydium CLMM,Meteora DLMM,100.000000,0.982138407,99.967630,-0.032370,-3.237,20.000,-23.237,NO,0.024787,0.016592,40.7,57.5,Raydium CLMM,Meteora DLMM
2026-09-12T04:35:18+00:00,Meteora DLMM,Raydium CLMM,100.000000,0.982159195,99.940571,-0.059429,-5.943,20.000,-25.943,NO,0.015734,0.036404,34.7,33.3,Meteora DLMM,Raydium CLMM
2026-09-12T04:51:04+00:00,Raydium CLMM,Meteora DLMM,100.000000,0.982724259,99.951929,-0.048071,-4.807,20.000,-24.807,NO,0.034672,0.015494,82.6,83.7,Raydium CLMM,Meteora DLMM
2026-09-12T04:51:13+00:00,Meteora DLMM,Raydium CLMM,100.000000,0.982947556,99.961156,-0.038844,-3.884,20.000,-23.884,NO,0.026984,0.019087,69.4,52.0,Meteora DLMM,Raydium CLMM
2026-09-12T05:39:13+00:00,Raydium CLMM,Meteora DLMM,100.000000,0.983563592,99.949979,-0.050021,-5.002,20.000,-25.002,NO,0.020848,0.004635,87.3,29.8,Raydium CLMM,Meteora DLMM
2026-09-12T05:39:23+00:00,Meteora DLMM,Raydium CLMM,100.000000,0.983767719,99.972731,-0.027269,-2.727,20.000,-22.727,NO,0.032098,0.000000,21.1,154.5,Meteora DLMM,Raydium CLMM
2026-09-12T06:31:03+00:00,Raydium CLMM,Meteora DLMM,100.000000,0.982525339,99.976544,-0.023456,-2.346,20.000,-22.346,NO,0.009299,0.011348,66.3,31.6,Raydium CLMM,Meteora DLMM
2026-09-12T06:31:12+00:00,Meteora DLMM,Raydium CLMM,100.000000,0.982554102,99.946134,-0.053866,-5.387,20.000,-25.387,NO,0.004331,0.048226,33.5,90.3,Meteora DLMM,Raydium CLMM
2026-09-12T08:56:42+00:00,Raydium CLMM,Meteora DLMM,100.000000,0.982304448,99.944218,-0.055782,-5.578,20.000,-25.578,NO,0.044974,0.007593,34.0,45.9,Raydium CLMM,Meteora DLMM
2026-09-12T08:56:51+00:00,Meteora DLMM,Raydium CLMM,100.000000,0.982550324,99.968899,-0.031101,-3.110,20.000,-23.110,NO,0.017923,0.020181,40.5,45.9,Meteora DLMM,Raydium CLMM
2026-09-12T10:37:38+00:00,Raydium CLMM,Meteora DLMM,100.000000,0.980369509,99.947010,-0.052990,-5.299,20.000,-25.299,NO,0.032621,0.019599,138.7,142.9,Raydium CLMM,Meteora DLMM
2026-09-12T10:37:48+00:00,Meteora DLMM,Raydium CLMM,100.000000,0.980588689,99.976242,-0.023758,-2.376,20.000,-22.376,NO,0.005060,0.015169,132.3,141.8,Meteora DLMM,Raydium CLMM
2026-09-12T11:15:49+00:00,Raydium CLMM,Meteora DLMM,100.000000,0.979444372,99.952946,-0.047054,-4.705,20.000,-24.705,NO,0.026642,0.008324,40.4,73.5,Raydium CLMM,Meteora DLMM
2026-09-12T11:15:58+00:00,Meteora DLMM,Raydium CLMM,100.000000,0.979709465,99.967963,-0.032037,-3.204,20.000,-23.204,NO,0.011205,0.014445,39.8,40.6,Meteora DLMM,Raydium CLMM
2026-09-12T12:32:01+00:00,Raydium CLMM,Meteora DLMM,100.000000,0.976806688,99.972456,-0.027544,-2.754,20.000,-22.754,NO,0.007276,0.021407,71.9,104.2,Raydium CLMM,Meteora DLMM
2026-09-12T12:32:11+00:00,Meteora DLMM,Raydium CLMM,100.000000,0.976740822,99.952798,-0.047202,-4.720,20.000,-24.720,NO,0.002714,0.045370,111.8,119.7,Meteora DLMM,Raydium CLMM
2026-09-12T13:55:03+00:00,Raydium CLMM,Meteora DLMM,100.000000,0.981472227,99.969308,-0.030692,-3.069,20.000,-23.069,NO,0.021922,0.007491,39.8,32.3,Raydium CLMM,Meteora DLMM
2026-09-12T13:55:12+00:00,Meteora DLMM,Raydium CLMM,100.000000,0.981473892,99.946755,-0.053245,-5.325,20.000,-25.325,NO,0.009957,0.048451,41.4,49.7,Meteora DLMM,Raydium CLMM
2026-09-12T14:01:28+00:00,Raydium CLMM,Meteora DLMM,100.000000,0.980344800,99.954922,-0.045078,-4.508,20.000,-24.508,NO,0.037396,0.007157,67.5,86.1,Raydium CLMM,Meteora DLMM
2026-09-12T14:01:37+00:00,Meteora DLMM,Raydium CLMM,100.000000,0.980591556,99.963638,-0.036362,-3.636,20.000,-23.636,NO,0.017127,0.006872,49.3,68.1,Meteora DLMM,Raydium CLMM
2026-09-12T14:16:35+00:00,Raydium CLMM,Meteora DLMM,100.000000,0.980760601,99.966525,-0.033475,-3.347,20.000,-23.347,NO,0.021305,0.016124,108.8,24.9,Raydium CLMM,Meteora DLMM
2026-09-12T14:16:45+00:00,Meteora DLMM,Raydium CLMM,100.000000,0.980783094,99.948271,-0.051729,-5.173,20.000,-25.173,NO,0.015103,0.044821,135.7,125.0,Meteora DLMM,Raydium CLMM
2026-09-12T15:54:34+00:00,Raydium CLMM,Meteora DLMM,100.000000,0.980418333,99.962138,-0.037862,-3.786,20.000,-23.786,NO,0.028047,0.004024,25.4,152.8,Raydium CLMM,Meteora DLMM
2026-09-12T15:54:43+00:00,Meteora DLMM,Raydium CLMM,100.000000,0.980591438,99.956165,-0.043835,-4.384,20.000,-24.384,NO,0.000000,0.032999,153.5,28.1,Meteora DLMM,Raydium CLMM
2026-09-12T16:20:50+00:00,Raydium CLMM,Meteora DLMM,100.000000,0.980062227,99.970355,-0.029645,-2.965,20.000,-22.965,NO,0.030204,0.001745,109.2,21.3,Raydium CLMM,Meteora DLMM
2026-09-12T16:21:00+00:00,Meteora DLMM,Raydium CLMM,100.000000,0.980157361,99.949918,-0.050082,-5.008,20.000,-25.008,NO,0.014727,0.038111,89.2,109.3,Meteora DLMM,Raydium CLMM
2026-09-12T16:59:56+00:00,Raydium CLMM,Meteora DLMM,100.000000,0.979578335,99.966617,-0.033383,-3.338,20.000,-23.338,NO,0.016068,0.023828,177.8,112.1,Raydium CLMM,Meteora DLMM
2026-09-12T17:00:06+00:00,Meteora DLMM,Raydium CLMM,100.000000,0.979567587,99.953286,-0.046714,-4.671,20.000,-24.671,NO,0.006130,0.052848,148.0,101.9,Meteora DLMM,Raydium CLMM
2026-09-12T17:20:59+00:00,Raydium CLMM,Meteora DLMM,100.000000,0.979268494,99.954948,-0.045052,-4.505,20.000,-24.505,NO,0.024834,0.016461,85.0,56.0,Raydium CLMM,Meteora DLMM
2026-09-12T17:21:08+00:00,Meteora DLMM,Raydium CLMM,100.000000,0.979414484,99.955826,-0.044174,-4.417,20.000,-24.417,NO,0.012531,0.030444,50.1,84.7,Meteora DLMM,Raydium CLMM
2026-09-12T18:01:12+00:00,Raydium CLMM,Meteora DLMM,100.000000,0.980855831,99.946649,-0.053351,-5.335,20.000,-25.335,NO,0.048684,0.000000,85.9,56.3,Raydium CLMM,Meteora DLMM
2026-09-12T18:01:21+00:00,Meteora DLMM,Raydium CLMM,100.000000,0.981179293,99.978995,-0.021005,-2.101,20.000,-22.101,NO,0.015815,0.014039,55.5,51.1,Meteora DLMM,Raydium CLMM
2026-09-12T18:37:19+00:00,Raydium CLMM,Meteora DLMM,100.000000,0.983765007,99.952902,-0.047098,-4.710,20.000,-24.710,NO,0.027103,0.016028,106.0,35.0,Raydium CLMM,Meteora DLMM
2026-09-12T18:37:29+00:00,Meteora DLMM,Raydium CLMM,100.000000,0.983931064,99.974803,-0.025197,-2.520,20.000,-22.520,NO,0.018439,0.007415,32.8,87.0,Meteora DLMM,Raydium CLMM
2026-09-12T19:12:02+00:00,Raydium CLMM,Meteora DLMM,100.000000,0.983872697,99.960796,-0.039204,-3.920,20.000,-23.920,NO,0.023138,0.035394,115.1,95.9,Raydium CLMM,Meteora DLMM
2026-09-12T19:12:11+00:00,Meteora DLMM,Raydium CLMM,100.000000,0.983997227,99.955441,-0.044559,-4.456,20.000,-24.456,NO,0.026630,0.019339,57.6,104.9,Meteora DLMM,Raydium CLMM
2026-09-12T19:33:01+00:00,Raydium CLMM,Meteora DLMM,100.000000,0.983703471,99.946877,-0.053123,-5.312,20.000,-25.312,NO,0.051992,0.019869,90.8,120.1,Raydium CLMM,Meteora DLMM
2026-09-12T19:33:10+00:00,Meteora DLMM,Raydium CLMM,100.000000,0.983824829,99.947350,-0.052650,-5.265,20.000,-25.265,NO,0.025631,0.027633,43.9,42.4,Meteora DLMM,Raydium CLMM
2026-09-12T19:51:03+00:00,Raydium CLMM,Meteora DLMM,100.000000,0.986425114,99.962297,-0.037703,-3.770,20.000,-23.770,NO,0.026180,0.011203,50.3,163.5,Raydium CLMM,Meteora DLMM
2026-09-12T19:51:12+00:00,Meteora DLMM,Raydium CLMM,100.000000,0.986582501,99.958979,-0.041021,-4.102,20.000,-24.102,NO,0.009157,0.036370,87.9,90.5,Meteora DLMM,Raydium CLMM
2026-09-12T21:02:28+00:00,Raydium CLMM,Meteora DLMM,100.000000,0.985133324,99.951289,-0.048711,-4.871,20.000,-24.871,NO,0.040738,0.008174,21.4,29.4,Raydium CLMM,Meteora DLMM
2026-09-12T21:02:37+00:00,Meteora DLMM,Raydium CLMM,100.000000,0.985307306,99.955344,-0.044656,-4.466,20.000,-24.466,NO,0.023716,0.022215,71.2,90.9,Meteora DLMM,Raydium CLMM
2026-09-12T21:54:59+00:00,Raydium CLMM,Meteora DLMM,100.000000,0.984627560,99.960347,-0.039653,-3.965,20.000,-23.965,NO,0.014691,0.019053,70.0,83.9,Raydium CLMM,Meteora DLMM
2026-09-12T21:55:08+00:00,Meteora DLMM,Raydium CLMM,100.000000,0.985011730,99.961328,-0.038672,-3.867,20.000,-23.867,NO,0.018667,0.000000,47.9,49.2,Meteora DLMM,Raydium CLMM
2026-09-12T22:11:57+00:00,Raydium CLMM,Meteora DLMM,100.000000,0.984612773,99.958466,-0.041534,-4.153,20.000,-24.153,NO,0.015190,0.021522,18.6,32.6,Raydium CLMM,Meteora DLMM
2026-09-12T22:12:06+00:00,Meteora DLMM,Raydium CLMM,100.000000,0.984620033,99.948679,-0.051321,-5.132,20.000,-25.132,NO,0.002818,0.040385,47.1,20.0,Meteora DLMM,Raydium CLMM
2026-09-12T23:02:22+00:00,Raydium CLMM,Meteora DLMM,100.000000,0.982988386,99.939686,-0.060314,-6.031,20.000,-26.031,NO,0.050842,0.013511,51.2,48.7,Raydium CLMM,Meteora DLMM
2026-09-12T23:02:31+00:00,Meteora DLMM,Raydium CLMM,100.000000,0.983296953,99.962336,-0.037664,-3.766,20.000,-23.766,NO,0.017863,0.020842,33.3,39.4,Meteora DLMM,Raydium CLMM
2026-09-12T23:39:53+00:00,Raydium CLMM,Meteora DLMM,100.000000,0.982644703,99.959468,-0.040532,-4.053,20.000,-24.053,NO,0.020328,0.025752,176.6,148.4,Raydium CLMM,Meteora DLMM
2026-09-12T23:40:03+00:00,Meteora DLMM,Raydium CLMM,100.000000,0.982708974,99.945010,-0.054990,-5.499,20.000,-25.499,NO,0.000790,0.044560,169.9,82.3,Meteora DLMM,Raydium CLMM
2026-09-13T01:00:31+00:00,Raydium CLMM,Meteora DLMM,100.000000,0.982690251,99.973806,-0.026194,-2.619,20.000,-22.619,NO,0.028050,0.001051,139.6,133.3,Raydium CLMM,Meteora DLMM
2026-09-13T01:00:40+00:00,Meteora DLMM,Raydium CLMM,100.000000,0.982751124,99.956256,-0.043744,-4.374,20.000,-24.374,NO,0.009758,0.047919,93.5,93.1,Meteora DLMM,Raydium CLMM
2026-09-13T01:34:57+00:00,Raydium CLMM,Meteora DLMM,100.000000,0.980534327,99.938417,-0.061583,-6.158,20.000,-26.158,NO,0.045489,0.002429,135.5,117.2,Raydium CLMM,Meteora DLMM
2026-09-13T01:35:06+00:00,Meteora DLMM,Raydium CLMM,100.000000,0.980964593,99.971677,-0.028323,-2.832,20.000,-22.832,NO,0.000000,0.000332,143.8,120.3,Meteora DLMM,Raydium CLMM
2026-09-13T06:32:59+00:00,Raydium CLMM,Meteora DLMM,100.000000,0.985685544,99.949174,-0.050826,-5.083,20.000,-25.083,NO,0.028734,0.017525,70.6,85.1,Raydium CLMM,Meteora DLMM
2026-09-13T06:33:08+00:00,Meteora DLMM,Raydium CLMM,100.000000,0.986626130,99.958531,-0.041469,-4.147,20.000,-24.147,NO,0.000000,0.002013,50.3,47.7,Meteora DLMM,Raydium CLMM
2026-09-13T11:50:04+00:00,Raydium CLMM,Meteora DLMM,100.000000,1.002314691,99.999423,-0.000577,-0.058,20.000,-20.058,NO,0.015795,0.028157,151.6,73.2,Raydium CLMM,Meteora DLMM
2026-09-13T11:50:14+00:00,Meteora DLMM,Raydium CLMM,100.000000,1.001969462,99.942217,-0.057783,-5.778,20.000,-25.778,NO,0.006796,0.043171,68.4,100.8,Meteora DLMM,Raydium CLMM
2026-09-13T12:11:21+00:00,Raydium CLMM,Meteora DLMM,100.000000,1.002201978,99.949761,-0.050239,-5.024,20.000,-25.024,NO,0.038243,0.011924,69.1,60.0,Raydium CLMM,Meteora DLMM
2026-09-13T12:11:30+00:00,Meteora DLMM,Raydium CLMM,100.000000,1.002392997,99.955107,-0.044893,-4.489,20.000,-24.489,NO,0.020225,0.022317,63.2,35.1,Meteora DLMM,Raydium CLMM
2026-09-13T12:17:23+00:00,Raydium CLMM,Meteora DLMM,100.000000,1.001988212,99.958586,-0.041414,-4.141,20.000,-24.141,NO,0.038304,0.008672,86.2,140.5,Raydium CLMM,Meteora DLMM
2026-09-13T12:17:32+00:00,Meteora DLMM,Raydium CLMM,100.000000,1.002201880,99.958387,-0.041613,-4.161,20.000,-24.161,NO,0.024163,0.025018,32.2,36.0,Meteora DLMM,Raydium CLMM
2026-09-13T15:15:47+00:00,Raydium CLMM,Meteora DLMM,100.000000,0.996149046,99.964170,-0.035830,-3.583,20.000,-23.583,NO,0.030951,0.004024,89.5,60.9,Raydium CLMM,Meteora DLMM
2026-09-13T15:15:56+00:00,Meteora DLMM,Raydium CLMM,100.000000,0.996306781,99.967039,-0.032961,-3.296,20.000,-23.296,NO,0.016045,0.013868,95.9,87.4,Meteora DLMM,Raydium CLMM
2026-09-13T16:17:04+00:00,Raydium CLMM,Meteora DLMM,100.000000,0.993226389,99.949465,-0.050535,-5.053,20.000,-25.053,NO,0.031472,0.013518,62.6,154.4,Raydium CLMM,Meteora DLMM
2026-09-13T16:17:13+00:00,Meteora DLMM,Raydium CLMM,100.000000,0.993512508,99.975894,-0.024106,-2.411,20.000,-22.411,NO,0.019021,0.003815,51.3,21.7,Meteora DLMM,Raydium CLMM
2026-09-13T16:32:41+00:00,Raydium CLMM,Meteora DLMM,100.000000,0.992973171,99.944640,-0.055360,-5.536,20.000,-25.536,NO,0.048314,0.005766,142.6,146.5,Raydium CLMM,Meteora DLMM
2026-09-13T16:32:51+00:00,Meteora DLMM,Raydium CLMM,100.000000,0.993252104,99.973373,-0.026627,-2.663,20.000,-22.663,NO,0.019935,0.010749,96.3,143.2,Meteora DLMM,Raydium CLMM
2026-09-13T18:24:28+00:00,Raydium CLMM,Meteora DLMM,100.000000,0.988620290,99.965455,-0.034545,-3.454,20.000,-23.454,NO,0.017312,0.023310,90.9,28.3,Raydium CLMM,Meteora DLMM
2026-09-13T18:24:42+00:00,Meteora DLMM,Raydium CLMM,100.000000,0.988449502,99.971652,-0.028348,-2.835,20.000,-22.835,NO,0.013089,0.019566,24.3,98.1,Meteora DLMM,Raydium CLMM
2026-09-13T18:59:38+00:00,Raydium CLMM,Meteora DLMM,100.000000,0.988002756,99.951906,-0.048094,-4.809,20.000,-24.809,NO,0.030068,0.018178,137.8,141.2,Raydium CLMM,Meteora DLMM
2026-09-13T18:59:47+00:00,Meteora DLMM,Raydium CLMM,100.000000,0.988137175,99.953966,-0.046034,-4.603,20.000,-24.603,NO,0.014114,0.030264,188.0,133.9,Meteora DLMM,Raydium CLMM
2026-09-13T19:21:38+00:00,Raydium CLMM,Meteora DLMM,100.000000,0.990439615,99.970640,-0.029360,-2.936,20.000,-22.936,NO,0.022561,0.025809,86.1,156.7,Raydium CLMM,Meteora DLMM
2026-09-13T19:21:48+00:00,Meteora DLMM,Raydium CLMM,100.000000,0.990360002,99.943303,-0.056697,-5.670,20.000,-25.670,NO,0.012618,0.030549,147.9,72.2,Meteora DLMM,Raydium CLMM
2026-09-13T21:05:20+00:00,Raydium CLMM,Meteora DLMM,100.000000,0.986136849,99.967238,-0.032762,-3.276,20.000,-23.276,NO,0.054329,0.032435,153.2,61.2,Raydium CLMM,Meteora DLMM
2026-09-13T21:05:29+00:00,Meteora DLMM,Raydium CLMM,100.000000,0.986068086,99.955210,-0.044790,-4.479,20.000,-24.479,NO,0.008807,0.031108,18.7,110.3,Meteora DLMM,Raydium CLMM
2026-09-13T22:21:27+00:00,Raydium CLMM,Meteora DLMM,100.000000,1.002432610,99.950900,-0.049100,-4.910,20.000,-24.910,NO,0.038745,0.001193,94.5,93.7,Raydium CLMM,Meteora DLMM
2026-09-13T22:21:36+00:00,Meteora DLMM,Raydium CLMM,100.000000,1.002682092,99.979985,-0.020015,-2.001,20.000,-22.001,NO,0.015184,0.013133,94.1,146.1,Meteora DLMM,Raydium CLMM
2026-09-13T23:14:23+00:00,Raydium CLMM,Meteora DLMM,100.000000,1.004074995,99.963454,-0.036546,-3.655,20.000,-23.655,NO,0.021519,0.013693,104.0,124.1,Raydium CLMM,Meteora DLMM
2026-09-13T23:14:32+00:00,Meteora DLMM,Raydium CLMM,100.000000,1.004183493,99.953955,-0.046045,-4.605,20.000,-24.605,NO,0.030703,0.012098,97.7,95.4,Meteora DLMM,Raydium CLMM
2026-09-13T23:20:09+00:00,Raydium CLMM,Meteora DLMM,100.000000,1.005121906,99.999616,-0.000384,-0.038,20.000,-20.038,NO,0.018219,0.018301,31.5,101.3,Raydium CLMM,Meteora DLMM
2026-09-13T23:20:18+00:00,Meteora DLMM,Raydium CLMM,100.000000,1.004795677,99.938187,-0.061813,-6.181,20.000,-26.181,NO,0.016276,0.047385,42.9,20.9,Meteora DLMM,Raydium CLMM
2026-09-14T00:57:53+00:00,Raydium CLMM,Meteora DLMM,100.000000,1.002660160,99.972500,-0.027500,-2.750,20.000,-22.750,NO,0.010820,0.035963,60.8,34.1,Raydium CLMM,Meteora DLMM
2026-09-14T00:58:02+00:00,Meteora DLMM,Raydium CLMM,100.000000,1.002557003,99.954061,-0.045939,-4.594,20.000,-24.594,NO,0.004369,0.035463,107.8,34.3,Meteora DLMM,Raydium CLMM
2026-09-14T01:20:46+00:00,Raydium CLMM,Meteora DLMM,100.000000,1.005792014,99.963183,-0.036817,-3.682,20.000,-23.682,NO,0.029062,0.007965,115.1,89.7,Raydium CLMM,Meteora DLMM
2026-09-14T01:20:55+00:00,Meteora DLMM,Raydium CLMM,100.000000,1.005916478,99.962332,-0.037668,-3.767,20.000,-23.767,NO,0.010660,0.016664,67.4,86.1,Meteora DLMM,Raydium CLMM
2026-09-14T06:06:42+00:00,Raydium CLMM,Meteora DLMM,100.000000,0.985871476,99.955645,-0.044355,-4.435,20.000,-24.435,NO,0.020485,0.016498,90.2,90.5,Raydium CLMM,Meteora DLMM
2026-09-14T06:06:51+00:00,Meteora DLMM,Raydium CLMM,100.000000,0.985995926,99.949650,-0.050350,-5.035,20.000,-25.035,NO,0.009234,0.038317,49.8,109.7,Meteora DLMM,Raydium CLMM
2026-09-14T06:32:43+00:00,Raydium CLMM,Meteora DLMM,100.000000,0.988198525,99.967801,-0.032199,-3.220,20.000,-23.220,NO,0.011511,0.001987,128.4,143.2,Raydium CLMM,Meteora DLMM
2026-09-14T06:32:52+00:00,Meteora DLMM,Raydium CLMM,100.000000,0.988439663,99.947723,-0.052277,-5.228,20.000,-25.228,NO,0.032859,0.019049,133.7,71.1,Meteora DLMM,Raydium CLMM
2026-09-14T06:41:49+00:00,Raydium CLMM,Meteora DLMM,100.000000,0.983908375,99.960469,-0.039531,-3.953,20.000,-23.953,NO,0.014144,0.029273,47.3,48.6,Raydium CLMM,Meteora DLMM
2026-09-14T06:41:58+00:00,Meteora DLMM,Raydium CLMM,100.000000,0.983910315,99.943634,-0.056366,-5.637,20.000,-25.637,NO,0.024550,0.041645,35.5,60.1,Meteora DLMM,Raydium CLMM
2026-09-14T13:25:49+00:00,Raydium CLMM,Meteora DLMM,100.000000,0.988868486,99.949887,-0.050113,-5.011,20.000,-25.011,NO,0.034698,0.014277,117.0,25.6,Raydium CLMM,Meteora DLMM
2026-09-14T13:25:58+00:00,Meteora DLMM,Raydium CLMM,100.000000,0.989059922,99.962385,-0.037615,-3.762,20.000,-23.762,NO,0.007540,0.022839,88.6,42.7,Meteora DLMM,Raydium CLMM
2026-09-14T13:54:13+00:00,Raydium CLMM,Meteora DLMM,100.000000,0.984063827,99.967982,-0.032018,-3.202,20.000,-23.202,NO,0.045178,0.026217,36.6,32.9,Raydium CLMM,Meteora DLMM
2026-09-14T13:54:22+00:00,Meteora DLMM,Raydium CLMM,100.000000,0.983952587,99.941925,-0.058075,-5.808,20.000,-25.808,NO,0.032006,0.052159,39.5,33.3,Meteora DLMM,Raydium CLMM
2026-09-14T18:49:15+00:00,Raydium CLMM,Meteora DLMM,100.000000,0.963183581,99.943986,-0.056014,-5.601,20.000,-25.601,NO,0.039832,0.015936,155.4,139.8,Raydium CLMM,Meteora DLMM
2026-09-14T18:49:25+00:00,Meteora DLMM,Raydium CLMM,100.000000,0.963415611,99.938805,-0.061195,-6.120,20.000,-26.120,NO,0.031492,0.010633,79.4,146.5,Meteora DLMM,Raydium CLMM
2026-09-14T19:15:45+00:00,Raydium CLMM,Meteora DLMM,100.000000,0.966588264,99.961582,-0.038418,-3.842,20.000,-23.842,NO,0.029504,0.002204,159.2,129.8,Raydium CLMM,Meteora DLMM
2026-09-14T19:15:55+00:00,Meteora DLMM,Raydium CLMM,100.000000,0.966859938,99.967937,-0.032063,-3.206,20.000,-23.206,NO,0.008856,0.020225,91.3,159.5,Meteora DLMM,Raydium CLMM
2026-09-14T22:16:14+00:00,Raydium CLMM,Meteora DLMM,100.000000,0.965976738,99.947752,-0.052248,-5.225,20.000,-25.225,NO,0.047421,0.002969,153.7,95.7,Raydium CLMM,Meteora DLMM
2026-09-14T22:16:23+00:00,Meteora DLMM,Raydium CLMM,100.000000,0.966172604,99.969391,-0.030609,-3.061,20.000,-23.061,NO,0.032856,0.009732,146.9,147.2,Meteora DLMM,Raydium CLMM
2026-09-14T23:04:38+00:00,Raydium CLMM,Meteora DLMM,100.000000,0.973043448,99.987060,-0.012940,-1.294,20.000,-21.294,NO,0.175274,0.006307,72.1,69.4,Raydium CLMM,Meteora DLMM
2026-09-14T23:04:47+00:00,Meteora DLMM,Raydium CLMM,100.000000,0.972868586,99.964162,-0.035838,-3.584,20.000,-23.584,NO,0.021650,0.027667,51.7,98.4,Meteora DLMM,Raydium CLMM
2026-09-15T00:57:14+00:00,Raydium CLMM,Meteora DLMM,100.000000,0.974932949,99.970959,-0.029041,-2.904,20.000,-22.904,NO,0.029498,0.002424,36.0,137.1,Raydium CLMM,Meteora DLMM
2026-09-15T00:57:24+00:00,Meteora DLMM,Raydium CLMM,100.000000,0.975518682,99.967507,-0.032493,-3.249,20.000,-23.249,NO,0.022293,0.010513,120.9,38.0,Meteora DLMM,Raydium CLMM
2026-09-15T01:23:54+00:00,Raydium CLMM,Meteora DLMM,100.000000,0.974783177,99.965542,-0.034458,-3.446,20.000,-23.446,NO,0.032270,0.014222,96.6,62.6,Raydium CLMM,Meteora DLMM
2026-09-15T01:24:03+00:00,Meteora DLMM,Raydium CLMM,100.000000,0.974987241,99.961266,-0.038734,-3.873,20.000,-23.873,NO,0.018333,0.021368,33.4,37.3,Meteora DLMM,Raydium CLMM
2026-09-15T05:22:36+00:00,Raydium CLMM,Meteora DLMM,100.000000,0.991631282,99.943991,-0.056009,-5.601,20.000,-25.601,NO,0.034194,0.011117,157.6,98.3,Raydium CLMM,Meteora DLMM
2026-09-15T05:22:45+00:00,Meteora DLMM,Raydium CLMM,100.000000,0.992277520,99.960063,-0.039937,-3.994,20.000,-23.994,NO,0.035265,0.006314,31.1,136.4,Meteora DLMM,Raydium CLMM
2026-09-15T05:38:11+00:00,Raydium CLMM,Meteora DLMM,100.000000,0.991526757,99.948138,-0.051862,-5.186,20.000,-25.186,NO,0.041664,0.010932,49.5,49.7,Raydium CLMM,Meteora DLMM
2026-09-15T05:38:20+00:00,Meteora DLMM,Raydium CLMM,100.000000,0.991731904,99.970344,-0.029656,-2.966,20.000,-22.966,NO,0.002077,0.025337,49.5,61.7,Meteora DLMM,Raydium CLMM
2026-09-15T05:46:21+00:00,Raydium CLMM,Meteora DLMM,100.000000,0.989136475,99.949093,-0.050907,-5.091,20.000,-25.091,NO,0.034881,0.013655,19.8,95.1,Raydium CLMM,Meteora DLMM
2026-09-15T05:46:30+00:00,Meteora DLMM,Raydium CLMM,100.000000,0.989546554,99.948795,-0.051205,-5.120,20.000,-25.120,NO,0.014413,0.046318,22.5,47.8,Meteora DLMM,Raydium CLMM
2026-09-15T07:37:42+00:00,Raydium CLMM,Meteora DLMM,100.000000,0.993046631,99.950465,-0.049535,-4.954,20.000,-24.954,NO,0.030206,0.023602,108.1,89.3,Raydium CLMM,Meteora DLMM
2026-09-15T07:37:51+00:00,Meteora DLMM,Raydium CLMM,100.000000,0.993215408,99.965720,-0.034280,-3.428,20.000,-23.428,NO,0.013027,0.026815,39.1,45.2,Meteora DLMM,Raydium CLMM
2026-09-15T10:17:34+00:00,Raydium CLMM,Meteora DLMM,100.000000,0.991003245,99.958748,-0.041252,-4.125,20.000,-24.125,NO,0.027511,0.012645,54.7,41.6,Raydium CLMM,Meteora DLMM
2026-09-15T10:17:43+00:00,Meteora DLMM,Raydium CLMM,100.000000,0.991139641,99.954348,-0.045652,-4.565,20.000,-24.565,NO,0.014513,0.038166,34.0,34.8,Meteora DLMM,Raydium CLMM
2026-09-15T10:32:49+00:00,Raydium CLMM,Meteora DLMM,100.000000,0.992720191,99.977793,-0.022207,-2.221,20.000,-22.221,NO,0.003918,0.020204,92.2,66.5,Raydium CLMM,Meteora DLMM
2026-09-15T10:32:59+00:00,Meteora DLMM,Raydium CLMM,100.000000,0.992635458,99.942191,-0.057809,-5.781,20.000,-25.781,NO,0.014051,0.043649,41.1,40.4,Meteora DLMM,Raydium CLMM
2026-09-15T11:00:11+00:00,Raydium CLMM,Meteora DLMM,100.000000,0.990367635,99.941826,-0.058174,-5.817,20.000,-25.817,NO,0.039251,0.005749,22.9,99.3,Raydium CLMM,Meteora DLMM
2026-09-15T11:00:21+00:00,Meteora DLMM,Raydium CLMM,100.000000,0.990715009,99.974060,-0.025940,-2.594,20.000,-22.594,NO,0.024652,0.002728,44.5,32.3,Meteora DLMM,Raydium CLMM
2026-09-15T13:27:18+00:00,Raydium CLMM,Meteora DLMM,100.000000,0.990297631,99.944209,-0.055791,-5.579,20.000,-25.579,NO,0.044786,0.016454,184.8,206.4,Raydium CLMM,Meteora DLMM
2026-09-15T13:27:28+00:00,Meteora DLMM,Raydium CLMM,100.000000,0.990446170,99.959548,-0.040452,-4.045,20.000,-24.045,NO,0.015265,0.030883,169.5,212.3,Meteora DLMM,Raydium CLMM
2026-09-15T15:28:19+00:00,Raydium CLMM,Meteora DLMM,100.000000,1.004407302,99.948001,-0.051999,-5.200,20.000,-25.200,NO,0.023150,0.028450,86.6,63.3,Raydium CLMM,Meteora DLMM
2026-09-15T15:28:29+00:00,Meteora DLMM,Raydium CLMM,100.000000,1.004411452,99.937673,-0.062327,-6.233,20.000,-26.233,NO,0.018861,0.045653,48.9,96.0,Meteora DLMM,Raydium CLMM
2026-09-15T15:33:29+00:00,Raydium CLMM,Meteora DLMM,100.000000,1.006687879,99.961434,-0.038566,-3.857,20.000,-23.857,NO,0.032044,0.015774,112.8,62.8,Raydium CLMM,Meteora DLMM
2026-09-15T15:33:39+00:00,Meteora DLMM,Raydium CLMM,100.000000,1.006541489,99.945503,-0.054497,-5.450,20.000,-25.450,NO,0.000000,0.039689,60.7,89.2,Meteora DLMM,Raydium CLMM
2026-09-15T18:07:28+00:00,Raydium CLMM,Meteora DLMM,100.000000,0.999649051,99.954991,-0.045009,-4.501,20.000,-24.501,NO,0.013010,0.010116,121.2,94.1,Raydium CLMM,Meteora DLMM
2026-09-15T18:07:37+00:00,Meteora DLMM,Raydium CLMM,100.000000,0.999895909,99.962003,-0.037997,-3.800,20.000,-23.800,NO,0.012933,0.009539,94.8,95.0,Meteora DLMM,Raydium CLMM
2026-09-15T19:18:20+00:00,Raydium CLMM,Meteora DLMM,100.000000,1.014780999,99.937445,-0.062555,-6.256,20.000,-26.256,NO,0.058873,0.012614,129.3,71.8,Raydium CLMM,Meteora DLMM
2026-09-15T19:18:30+00:00,Meteora DLMM,Raydium CLMM,100.000000,1.016302390,99.951961,-0.048039,-4.804,20.000,-24.804,NO,0.048439,0.021228,129.7,34.0,Meteora DLMM,Raydium CLMM
2026-09-15T22:28:50+00:00,Raydium CLMM,Meteora DLMM,100.000000,1.032221253,99.935427,-0.064573,-6.457,20.000,-26.457,NO,0.042589,0.013871,101.4,126.0,Raydium CLMM,Meteora DLMM
2026-09-15T22:29:00+00:00,Meteora DLMM,Raydium CLMM,100.000000,1.032561681,99.974358,-0.025642,-2.564,20.000,-22.564,NO,0.005879,0.006536,160.4,106.1,Meteora DLMM,Raydium CLMM
2026-09-16T00:21:00+00:00,Raydium CLMM,Meteora DLMM,100.000000,1.030980174,99.929322,-0.070678,-7.068,20.000,-27.068,NO,0.042020,0.007397,69.5,49.0,Raydium CLMM,Meteora DLMM
2026-09-16T00:21:09+00:00,Meteora DLMM,Raydium CLMM,100.000000,1.031424134,99.980478,-0.019522,-1.952,20.000,-21.952,NO,0.023369,0.026466,49.9,49.3,Meteora DLMM,Raydium CLMM
2026-09-16T00:53:52+00:00,Raydium CLMM,Meteora DLMM,100.000000,1.030240474,99.947257,-0.052743,-5.274,20.000,-25.274,NO,0.047715,0.009725,164.7,131.8,Raydium CLMM,Meteora DLMM
2026-09-16T00:54:01+00:00,Meteora DLMM,Raydium CLMM,100.000000,1.030644472,99.962119,-0.037881,-3.788,20.000,-23.788,NO,0.035088,0.001376,133.1,132.0,Meteora DLMM,Raydium CLMM
2026-09-16T01:20:15+00:00,Raydium CLMM,Meteora DLMM,100.000000,1.030158638,99.961458,-0.038542,-3.854,20.000,-23.854,NO,0.032260,0.012857,129.6,118.4,Raydium CLMM,Meteora DLMM
2026-09-16T01:20:24+00:00,Meteora DLMM,Raydium CLMM,100.000000,1.030248310,99.966652,-0.033348,-3.335,20.000,-23.335,NO,0.010433,0.019006,157.3,75.1,Meteora DLMM,Raydium CLMM
2026-09-16T05:04:09+00:00,Raydium CLMM,Meteora DLMM,100.000000,1.031760454,99.920421,-0.079579,-7.958,20.000,-27.958,NO,0.041563,0.040851,132.4,172.1,Raydium CLMM,Meteora DLMM
2026-09-16T05:04:18+00:00,Meteora DLMM,Raydium CLMM,100.000000,1.031483469,99.946357,-0.053643,-5.364,20.000,-25.364,NO,0.007615,0.050115,93.2,142.3,Meteora DLMM,Raydium CLMM
2026-09-16T05:33:55+00:00,Raydium CLMM,Meteora DLMM,100.000000,1.029748497,99.960705,-0.039295,-3.929,20.000,-23.929,NO,0.050681,0.000000,24.7,46.0,Raydium CLMM,Meteora DLMM
2026-09-16T05:34:04+00:00,Meteora DLMM,Raydium CLMM,100.000000,1.029832389,99.962383,-0.037617,-3.762,20.000,-23.762,NO,0.004165,0.021141,45.2,47.0,Meteora DLMM,Raydium CLMM
2026-09-16T07:36:34+00:00,Raydium CLMM,Meteora DLMM,100.000000,1.030946381,99.967886,-0.032114,-3.211,20.000,-23.211,NO,0.015539,0.016587,72.3,100.9,Raydium CLMM,Meteora DLMM
2026-09-16T07:36:43+00:00,Meteora DLMM,Raydium CLMM,100.000000,1.031071136,99.958552,-0.041448,-4.145,20.000,-24.145,NO,0.005396,0.031796,51.7,99.0,Meteora DLMM,Raydium CLMM
2026-09-16T09:59:35+00:00,Raydium CLMM,Meteora DLMM,100.000000,1.028364536,99.966674,-0.033326,-3.333,20.000,-23.333,NO,0.021601,0.010173,137.6,86.4,Raydium CLMM,Meteora DLMM
2026-09-16T09:59:44+00:00,Meteora DLMM,Raydium CLMM,100.000000,1.028387666,99.942377,-0.057623,-5.762,20.000,-25.762,NO,0.011941,0.041701,209.4,76.3,Meteora DLMM,Raydium CLMM
2026-09-16T10:09:46+00:00,Raydium CLMM,Meteora DLMM,100.000000,1.028735660,99.973053,-0.026947,-2.695,20.000,-22.695,NO,0.018486,0.061061,97.5,52.9,Raydium CLMM,Meteora DLMM
2026-09-16T10:09:56+00:00,Meteora DLMM,Raydium CLMM,100.000000,1.029089491,99.965209,-0.034791,-3.479,20.000,-23.479,NO,0.012910,0.026602,52.2,73.1,Meteora DLMM,Raydium CLMM
2026-09-16T10:24:56+00:00,Raydium CLMM,Meteora DLMM,100.000000,1.028817084,99.960291,-0.039709,-3.971,20.000,-23.971,NO,0.029978,0.015211,113.5,103.1,Raydium CLMM,Meteora DLMM
2026-09-16T10:25:06+00:00,Meteora DLMM,Raydium CLMM,100.000000,1.028905992,99.964464,-0.035536,-3.554,20.000,-23.554,NO,0.013674,0.019821,116.1,127.4,Meteora DLMM,Raydium CLMM
2026-09-16T13:26:04+00:00,Raydium CLMM,Meteora DLMM,100.000000,1.028612375,99.989130,-0.010870,-1.087,20.000,-21.087,NO,0.041550,0.019096,158.6,25.2,Raydium CLMM,Meteora DLMM
2026-09-16T13:26:13+00:00,Meteora DLMM,Raydium CLMM,100.000000,1.027887537,99.952867,-0.047133,-4.713,20.000,-24.713,NO,0.021159,0.040707,155.6,93.3,Meteora DLMM,Raydium CLMM
2026-09-16T14:32:49+00:00,Raydium CLMM,Meteora DLMM,100.000000,1.032832770,99.950721,-0.049279,-4.928,20.000,-24.928,NO,0.000000,0.027517,51.6,86.5,Raydium CLMM,Meteora DLMM
2026-09-16T14:33:01+00:00,Meteora DLMM,Raydium CLMM,100.000000,1.032928632,99.982105,-0.017895,-1.790,20.000,-21.790,NO,0.021070,0.043095,53.9,50.0,Meteora DLMM,Raydium CLMM
2026-09-16T15:13:23+00:00,Raydium CLMM,Meteora DLMM,100.000000,1.027991974,99.965257,-0.034743,-3.474,20.000,-23.474,NO,0.005234,0.025624,77.6,36.0,Raydium CLMM,Meteora DLMM
2026-09-16T15:13:33+00:00,Meteora DLMM,Raydium CLMM,100.000000,1.028268605,99.956702,-0.043298,-4.330,20.000,-24.330,NO,0.014480,0.032274,103.7,49.4,Meteora DLMM,Raydium CLMM
2026-09-16T18:08:14+00:00,Raydium CLMM,Meteora DLMM,100.000000,1.012906404,99.936951,-0.063049,-6.305,20.000,-26.305,NO,0.001250,0.047966,145.4,93.8,Raydium CLMM,Meteora DLMM
2026-09-16T18:08:23+00:00,Meteora DLMM,Raydium CLMM,100.000000,1.012315612,99.914691,-0.085309,-8.531,20.000,-28.531,NO,0.040640,0.016206,95.2,98.2,Meteora DLMM,Raydium CLMM
2026-09-16T18:32:18+00:00,Raydium CLMM,Meteora DLMM,100.000000,1.021848664,99.908078,-0.091922,-9.192,20.000,-29.192,NO,0.020284,0.019769,40.7,37.2,Raydium CLMM,Meteora DLMM
2026-09-16T18:32:27+00:00,Meteora DLMM,Raydium CLMM,100.000000,1.022446832,99.988970,-0.011030,-1.103,20.000,-21.103,NO,0.023304,0.047489,145.2,65.6,Meteora DLMM,Raydium CLMM
2026-09-16T19:00:02+00:00,Raydium CLMM,Meteora DLMM,100.000000,1.022808504,99.975360,-0.024640,-2.464,20.000,-22.464,NO,0.015909,0.033417,100.6,47.9,Raydium CLMM,Meteora DLMM
2026-09-16T19:00:11+00:00,Meteora DLMM,Raydium CLMM,100.000000,1.021668076,99.953051,-0.046949,-4.695,20.000,-24.695,NO,0.017795,0.027795,110.3,110.2,Meteora DLMM,Raydium CLMM
2026-09-16T21:47:08+00:00,Raydium CLMM,Meteora DLMM,100.000000,1.018677271,99.970615,-0.029385,-2.939,20.000,-22.939,NO,0.029269,0.002237,69.6,72.2,Raydium CLMM,Meteora DLMM
2026-09-16T21:47:18+00:00,Meteora DLMM,Raydium CLMM,100.000000,1.018335079,99.949560,-0.050440,-5.044,20.000,-25.044,NO,0.015957,0.054773,60.2,53.3,Meteora DLMM,Raydium CLMM
2026-09-16T21:56:51+00:00,Raydium CLMM,Meteora DLMM,100.000000,1.017044742,99.965959,-0.034041,-3.404,20.000,-23.404,NO,0.048474,0.031284,127.1,77.5,Raydium CLMM,Meteora DLMM
2026-09-16T21:57:00+00:00,Meteora DLMM,Raydium CLMM,100.000000,1.016978327,99.967512,-0.032488,-3.249,20.000,-23.249,NO,0.009121,0.021755,105.0,80.6,Meteora DLMM,Raydium CLMM
2026-09-16T22:13:26+00:00,Raydium CLMM,Meteora DLMM,100.000000,1.021195455,99.961479,-0.038521,-3.852,20.000,-23.852,NO,0.000910,0.012542,37.3,42.4,Raydium CLMM,Meteora DLMM
2026-09-16T22:13:35+00:00,Meteora DLMM,Raydium CLMM,100.000000,1.021209212,99.953078,-0.046922,-4.692,20.000,-24.692,NO,0.003692,0.038134,35.4,52.0,Meteora DLMM,Raydium CLMM
2026-09-17T00:02:36+00:00,Raydium CLMM,Meteora DLMM,100.000000,1.015085650,99.983231,-0.016769,-1.677,20.000,-21.677,NO,0.018516,0.019870,71.6,85.9,Raydium CLMM,Meteora DLMM
2026-09-17T00:02:46+00:00,Meteora DLMM,Raydium CLMM,100.000000,1.014846223,99.953624,-0.046376,-4.638,20.000,-24.638,NO,0.038259,0.014902,50.3,86.1,Meteora DLMM,Raydium CLMM
2026-09-17T00:18:10+00:00,Raydium CLMM,Meteora DLMM,100.000000,1.011316833,99.974621,-0.025379,-2.538,20.000,-22.538,NO,0.018600,0.013454,102.1,72.3,Raydium CLMM,Meteora DLMM
2026-09-17T00:18:19+00:00,Meteora DLMM,Raydium CLMM,100.000000,1.011027697,99.948429,-0.051571,-5.157,20.000,-25.157,NO,0.011912,0.031538,28.5,47.8,Meteora DLMM,Raydium CLMM
2026-09-17T00:25:11+00:00,Raydium CLMM,Meteora DLMM,100.000000,1.009859799,99.906815,-0.093185,-9.319,20.000,-29.319,NO,0.054775,0.003013,58.0,42.5,Raydium CLMM,Meteora DLMM
2026-09-17T00:25:20+00:00,Meteora DLMM,Raydium CLMM,100.000000,1.010453459,99.926081,-0.073919,-7.392,20.000,-27.392,NO,0.053497,0.026561,50.6,49.7,Meteora DLMM,Raydium CLMM
2026-09-17T00:47:14+00:00,Raydium CLMM,Meteora DLMM,100.000000,1.011720455,99.954325,-0.045675,-4.568,20.000,-24.568,NO,0.034419,0.014745,47.6,53.7,Raydium CLMM,Meteora DLMM
2026-09-17T00:47:23+00:00,Meteora DLMM,Raydium CLMM,100.000000,1.011956274,99.934724,-0.065276,-6.528,20.000,-26.528,NO,0.023515,0.015291,34.2,32.6,Meteora DLMM,Raydium CLMM
2026-09-17T04:52:34+00:00,Raydium CLMM,Meteora DLMM,100.000000,1.003110207,99.934889,-0.065111,-6.511,20.000,-26.511,NO,0.000000,0.017875,155.1,150.7,Raydium CLMM,Meteora DLMM
2026-09-17T04:52:44+00:00,Meteora DLMM,Raydium CLMM,100.000000,1.003411738,99.983875,-0.016125,-1.613,20.000,-21.613,NO,0.001404,0.003291,157.2,151.7,Meteora DLMM,Raydium CLMM
2026-09-17T05:06:28+00:00,Raydium CLMM,Meteora DLMM,100.000000,1.001942880,99.962752,-0.037248,-3.725,20.000,-23.725,NO,0.024153,0.009594,98.9,138.1,Raydium CLMM,Meteora DLMM
2026-09-17T05:06:37+00:00,Meteora DLMM,Raydium CLMM,100.000000,1.002098392,99.960385,-0.039615,-3.961,20.000,-23.961,NO,0.002525,0.036805,113.2,77.7,Meteora DLMM,Raydium CLMM
2026-09-17T05:40:31+00:00,Raydium CLMM,Meteora DLMM,100.000000,1.003836058,99.949098,-0.050902,-5.090,20.000,-25.090,NO,0.041103,0.000000,92.7,144.3,Raydium CLMM,Meteora DLMM
2026-09-17T05:40:41+00:00,Meteora DLMM,Raydium CLMM,100.000000,1.004199582,99.956244,-0.043756,-4.376,20.000,-24.376,NO,0.025699,0.019660,140.8,120.6,Meteora DLMM,Raydium CLMM
2026-09-17T06:02:26+00:00,Raydium CLMM,Meteora DLMM,100.000000,1.004872376,99.994094,-0.005906,-0.591,20.000,-20.591,NO,0.011450,0.016336,98.0,89.6,Raydium CLMM,Meteora DLMM
2026-09-17T06:02:36+00:00,Meteora DLMM,Raydium CLMM,100.000000,1.004575250,99.937147,-0.062853,-6.285,20.000,-26.285,NO,0.021474,0.038904,89.5,41.6,Meteora DLMM,Raydium CLMM
2026-09-17T09:49:23+00:00,Raydium CLMM,Meteora DLMM,100.000000,0.996008873,99.940095,-0.059905,-5.991,20.000,-25.991,NO,0.048802,0.011561,131.7,132.6,Raydium CLMM,Meteora DLMM
2026-09-17T09:49:32+00:00,Meteora DLMM,Raydium CLMM,100.000000,0.996311927,99.967706,-0.032294,-3.229,20.000,-23.229,NO,0.017349,0.017619,159.4,181.2,Meteora DLMM,Raydium CLMM
2026-09-17T09:58:57+00:00,Raydium CLMM,Meteora DLMM,100.000000,0.997789563,99.957399,-0.042601,-4.260,20.000,-24.260,NO,0.023798,0.024056,46.5,80.5,Raydium CLMM,Meteora DLMM
2026-09-17T09:59:06+00:00,Meteora DLMM,Raydium CLMM,100.000000,0.997697498,99.947723,-0.052277,-5.228,20.000,-25.228,NO,0.017918,0.023347,110.0,105.3,Meteora DLMM,Raydium CLMM
2026-09-17T10:31:56+00:00,Raydium CLMM,Meteora DLMM,100.000000,1.003298532,99.922868,-0.077132,-7.713,20.000,-27.713,NO,0.055437,0.011739,116.4,160.5,Raydium CLMM,Meteora DLMM
2026-09-17T10:32:06+00:00,Meteora DLMM,Raydium CLMM,100.000000,1.003495298,99.949258,-0.050742,-5.074,20.000,-25.074,NO,0.013256,0.023815,95.3,18.4,Meteora DLMM,Raydium CLMM
2026-09-17T11:33:08+00:00,Raydium CLMM,Meteora DLMM,100.000000,1.001897312,99.947757,-0.052243,-5.224,20.000,-25.224,NO,0.031965,0.023379,69.5,63.8,Raydium CLMM,Meteora DLMM
2026-09-17T11:33:18+00:00,Meteora DLMM,Raydium CLMM,100.000000,1.002093582,99.974398,-0.025602,-2.560,20.000,-22.560,NO,0.018647,0.011385,104.6,30.2,Meteora DLMM,Raydium CLMM
2026-09-17T13:13:50+00:00,Raydium CLMM,Meteora DLMM,100.000000,0.994934577,99.942070,-0.057930,-5.793,20.000,-25.793,NO,0.049353,0.079691,18.8,93.0,Raydium CLMM,Meteora DLMM
2026-09-17T13:13:59+00:00,Meteora DLMM,Raydium CLMM,100.000000,0.995315308,99.965579,-0.034421,-3.442,20.000,-23.442,NO,0.027427,0.015110,53.4,19.5,Meteora DLMM,Raydium CLMM
2026-09-17T14:20:52+00:00,Raydium CLMM,Meteora DLMM,100.000000,0.989049964,99.930536,-0.069464,-6.946,20.000,-26.946,NO,0.013145,0.042038,83.5,98.8,Raydium CLMM,Meteora DLMM
2026-09-17T14:21:01+00:00,Meteora DLMM,Raydium CLMM,100.000000,0.989417632,99.953005,-0.046995,-4.699,20.000,-24.699,NO,0.029844,0.000000,50.7,102.0,Meteora DLMM,Raydium CLMM
2026-09-17T14:59:47+00:00,Raydium CLMM,Meteora DLMM,100.000000,0.989429285,99.966026,-0.033974,-3.397,20.000,-23.397,NO,0.017041,0.010206,74.0,74.1,Raydium CLMM,Meteora DLMM
2026-09-17T14:59:57+00:00,Meteora DLMM,Raydium CLMM,100.000000,0.989654617,99.961886,-0.038114,-3.811,20.000,-23.811,NO,0.027299,0.002970,56.6,54.5,Meteora DLMM,Raydium CLMM
2026-09-17T15:25:58+00:00,Raydium CLMM,Meteora DLMM,100.000000,0.996181235,99.946689,-0.053311,-5.331,20.000,-25.331,NO,0.022791,0.002041,136.6,148.5,Raydium CLMM,Meteora DLMM
2026-09-17T15:26:08+00:00,Meteora DLMM,Raydium CLMM,100.000000,0.996455812,99.949040,-0.050960,-5.096,20.000,-25.096,NO,0.028425,0.018883,83.5,193.1,Meteora DLMM,Raydium CLMM
2026-09-17T16:51:52+00:00,Raydium CLMM,Meteora DLMM,100.000000,0.990619607,99.948521,-0.051479,-5.148,20.000,-25.148,NO,0.040166,0.005596,86.8,50.9,Raydium CLMM,Meteora DLMM
2026-09-17T16:52:01+00:00,Meteora DLMM,Raydium CLMM,100.000000,0.990826434,99.958025,-0.041975,-4.197,20.000,-24.197,NO,0.018495,0.019614,96.3,57.9,Meteora DLMM,Raydium CLMM
2026-09-17T18:38:55+00:00,Raydium CLMM,Meteora DLMM,100.000000,0.990876658,99.947558,-0.052442,-5.244,20.000,-25.244,NO,0.016421,0.009007,65.0,114.7,Raydium CLMM,Meteora DLMM
2026-09-17T18:39:05+00:00,Meteora DLMM,Raydium CLMM,100.000000,0.990950489,99.958367,-0.041633,-4.163,20.000,-24.163,NO,0.029909,0.012283,95.8,76.0,Meteora DLMM,Raydium CLMM
2026-09-17T19:01:24+00:00,Raydium CLMM,Meteora DLMM,100.000000,0.992347094,99.938570,-0.061430,-6.143,20.000,-26.143,NO,0.059113,0.016218,60.3,46.2,Raydium CLMM,Meteora DLMM
2026-09-17T19:01:34+00:00,Meteora DLMM,Raydium CLMM,100.000000,0.992622983,99.967919,-0.032081,-3.208,20.000,-23.208,NO,0.033262,0.005369,21.1,121.8,Meteora DLMM,Raydium CLMM
2026-09-17T19:15:12+00:00,Raydium CLMM,Meteora DLMM,100.000000,0.992214715,99.948309,-0.051691,-5.169,20.000,-25.169,NO,0.039990,0.000000,71.8,77.0,Raydium CLMM,Meteora DLMM
2026-09-17T19:15:22+00:00,Meteora DLMM,Raydium CLMM,100.000000,0.992314677,99.951600,-0.048400,-4.840,20.000,-24.840,NO,0.034036,0.016340,75.8,80.0,Meteora DLMM,Raydium CLMM
2026-09-17T20:12:43+00:00,Raydium CLMM,Meteora DLMM,100.000000,0.988142801,99.967382,-0.032618,-3.262,20.000,-23.262,NO,0.008643,0.034855,96.4,143.5,Raydium CLMM,Meteora DLMM
2026-09-17T20:12:53+00:00,Meteora DLMM,Raydium CLMM,100.000000,0.988268594,99.942321,-0.057679,-5.768,20.000,-25.768,NO,0.019474,0.035394,139.2,96.6,Meteora DLMM,Raydium CLMM
2026-09-17T21:49:13+00:00,Raydium CLMM,Meteora DLMM,100.000000,0.987351639,99.946869,-0.053131,-5.313,20.000,-25.313,NO,0.050722,0.000000,150.0,127.2,Raydium CLMM,Meteora DLMM
2026-09-17T21:49:22+00:00,Meteora DLMM,Raydium CLMM,100.000000,0.987578180,99.944200,-0.055800,-5.580,20.000,-25.580,NO,0.036152,0.000756,70.1,114.6,Meteora DLMM,Raydium CLMM
2026-09-17T22:08:45+00:00,Raydium CLMM,Meteora DLMM,100.000000,0.989548151,99.935256,-0.064744,-6.474,20.000,-26.474,NO,0.048431,0.008988,45.3,158.2,Raydium CLMM,Meteora DLMM
2026-09-17T22:08:54+00:00,Meteora DLMM,Raydium CLMM,100.000000,0.989629930,99.943027,-0.056973,-5.697,20.000,-25.697,NO,0.006813,0.045675,46.9,66.0,Meteora DLMM,Raydium CLMM
2026-09-17T22:24:38+00:00,Raydium CLMM,Meteora DLMM,100.000000,0.991064595,99.962377,-0.037623,-3.762,20.000,-23.762,NO,0.030527,0.000000,319.9,142.2,Raydium CLMM,Meteora DLMM
2026-09-17T22:24:47+00:00,Meteora DLMM,Raydium CLMM,100.000000,0.991135210,99.939546,-0.060454,-6.045,20.000,-26.045,NO,0.000000,0.052757,96.3,94.3,Meteora DLMM,Raydium CLMM
2026-09-17T23:30:28+00:00,Raydium CLMM,Meteora DLMM,100.000000,0.985475464,99.947157,-0.052843,-5.284,20.000,-25.284,NO,0.030490,0.026902,33.7,121.3,Raydium CLMM,Meteora DLMM
2026-09-17T23:30:38+00:00,Meteora DLMM,Raydium CLMM,100.000000,0.985703509,99.977907,-0.022093,-2.209,20.000,-22.209,NO,0.011374,0.008175,32.6,163.9,Meteora DLMM,Raydium CLMM
2026-09-17T23:51:49+00:00,Raydium CLMM,Meteora DLMM,100.000000,0.984080175,99.976326,-0.023674,-2.367,20.000,-22.367,NO,0.011087,0.017099,130.4,32.3,Raydium CLMM,Meteora DLMM
2026-09-17T23:51:59+00:00,Meteora DLMM,Raydium CLMM,100.000000,0.984027261,99.949507,-0.050493,-5.049,20.000,-25.049,NO,0.039631,0.033008,34.2,66.5,Meteora DLMM,Raydium CLMM
2026-09-18T00:20:24+00:00,Raydium CLMM,Meteora DLMM,100.000000,0.988286988,99.956698,-0.043302,-4.330,20.000,-24.330,NO,0.000866,0.029121,38.4,43.1,Raydium CLMM,Meteora DLMM
2026-09-18T00:20:33+00:00,Meteora DLMM,Raydium CLMM,100.000000,0.988203233,99.927598,-0.072402,-7.240,20.000,-27.240,NO,0.068795,0.052696,37.9,44.4,Meteora DLMM,Raydium CLMM
2026-09-18T00:37:59+00:00,Raydium CLMM,Meteora DLMM,100.000000,0.987628752,99.974643,-0.025357,-2.536,20.000,-22.536,NO,0.006702,0.015397,137.2,138.8,Raydium CLMM,Meteora DLMM
2026-09-18T00:38:09+00:00,Meteora DLMM,Raydium CLMM,100.000000,0.987672206,99.955881,-0.044119,-4.412,20.000,-24.412,NO,0.010669,0.026410,156.7,136.7,Meteora DLMM,Raydium CLMM
2026-09-18T01:43:31+00:00,Raydium CLMM,Meteora DLMM,100.000000,0.978345046,99.969277,-0.030723,-3.072,20.000,-23.072,NO,0.023015,0.008621,74.4,105.3,Raydium CLMM,Meteora DLMM
2026-09-18T01:43:40+00:00,Meteora DLMM,Raydium CLMM,100.000000,0.978351886,99.946340,-0.053660,-5.366,20.000,-25.366,NO,0.017183,0.029559,120.1,122.1,Meteora DLMM,Raydium CLMM
2026-09-18T04:32:12+00:00,Raydium CLMM,Meteora DLMM,100.000000,0.955070956,99.932129,-0.067871,-6.787,20.000,-26.787,NO,0.035415,0.004150,74.7,119.9,Raydium CLMM,Meteora DLMM
2026-09-18T04:32:22+00:00,Meteora DLMM,Raydium CLMM,100.000000,0.955935129,99.943578,-0.056422,-5.642,20.000,-25.642,NO,0.038009,0.000000,30.5,100.5,Meteora DLMM,Raydium CLMM
2026-09-18T04:58:48+00:00,Raydium CLMM,Meteora DLMM,100.000000,0.945059494,99.948764,-0.051236,-5.124,20.000,-25.124,NO,0.042434,0.025812,110.2,20.4,Raydium CLMM,Meteora DLMM
2026-09-18T04:58:57+00:00,Meteora DLMM,Raydium CLMM,100.000000,0.944695887,99.945528,-0.054472,-5.447,20.000,-25.447,NO,0.014867,0.018473,67.8,21.6,Meteora DLMM,Raydium CLMM
2026-09-18T05:14:59+00:00,Raydium CLMM,Meteora DLMM,100.000000,0.947673511,99.954762,-0.045238,-4.524,20.000,-24.524,NO,0.034393,0.012717,22.3,154.6,Raydium CLMM,Meteora DLMM
2026-09-18T05:15:08+00:00,Meteora DLMM,Raydium CLMM,100.000000,0.946392846,99.949151,-0.050849,-5.085,20.000,-25.085,NO,0.040755,0.020465,18.9,153.8,Meteora DLMM,Raydium CLMM
2026-09-18T06:44:20+00:00,Raydium CLMM,Meteora DLMM,100.000000,0.947427325,99.942884,-0.057116,-5.712,20.000,-25.712,NO,0.043145,0.018262,53.3,103.6,Raydium CLMM,Meteora DLMM
2026-09-18T06:44:29+00:00,Meteora DLMM,Raydium CLMM,100.000000,0.947520319,99.961980,-0.038020,-3.802,20.000,-23.802,NO,0.016382,0.022304,95.6,55.2,Meteora DLMM,Raydium CLMM
