recorded_at_utc,signal_id,strategy,label,direction,source_edge_bps,paper_capital,paper_pnl,source
2026-09-06T15:26:16+00:00,stable_dislocation|FDUSD:Binance|2026-09-06T15:22:52+00:00,stable_dislocation,FDUSD:Binance,below peg,10.500000,100.00,0.052500,latest_stressed_edge_50pct_realization
2026-09-06T15:34:26+00:00,stable_dislocation|FDUSD:Binance|2026-09-06T15:30:54+00:00,stable_dislocation,FDUSD:Binance,below peg,10.500000,100.00,0.052500,latest_stressed_edge_50pct_realization
2026-09-06T17:12:47+00:00,stable_dislocation|FDUSD:Binance|2026-09-06T17:09:02+00:00,stable_dislocation,FDUSD:Binance,below peg,10.500000,100.00,0.052500,latest_stressed_edge_50pct_realization
2026-09-06T18:10:14+00:00,stable_dislocation|FDUSD:Binance|2026-09-06T18:06:39+00:00,stable_dislocation,FDUSD:Binance,below peg,10.500000,100.00,0.052500,latest_stressed_edge_50pct_realization
2026-09-06T21:20:43+00:00,funding_spread|PONSUSDT|2026-09-06T21:18:51+00:00,funding_spread,PONSUSDT,long Bitget / short Gate,19.300000,100.00,0.096500,latest_stressed_edge_50pct_realization
2026-09-06T22:24:35+00:00,funding_spread|PONSUSDT|2026-09-06T22:22:47+00:00,funding_spread,PONSUSDT,long Bitget / short Gate,7.507400,100.00,0.037537,funding_current_after_cost_basis_50pct_realization
2026-09-07T02:04:30+00:00,funding_spread|AKEUSDT|2026-09-07T02:02:56+00:00,funding_spread,AKEUSDT,short Bitget / long Gate,4.830400,100.00,0.024152,funding_current_after_cost_basis_50pct_realization
2026-09-07T05:11:48+00:00,funding_spread|AKEUSDT|2026-09-07T05:10:13+00:00,funding_spread,AKEUSDT,long Bitget / short Gate,2.711550,100.00,0.013558,funding_current_after_cost_basis_50pct_realization
2026-09-07T06:10:43+00:00,funding_spread|PONSUSDT|2026-09-07T06:09:08+00:00,funding_spread,PONSUSDT,long Bitget / short Gate,3.887250,100.00,0.019436,funding_current_after_cost_basis_50pct_realization
2026-09-07T10:17:49+00:00,funding_spread|PONSUSDT|2026-09-07T10:15:58+00:00,funding_spread,PONSUSDT,long Bitget / short Gate,5.996350,100.00,0.029982,funding_current_after_cost_basis_50pct_realization
2026-09-07T13:58:48+00:00,funding_spread|PONSUSDT|2026-09-07T13:57:01+00:00,funding_spread,PONSUSDT,long Bitget / short Gate,14.983050,100.00,0.074915,funding_current_after_cost_basis_50pct_realization
2026-09-07T14:04:14+00:00,funding_spread|PONSUSDT|2026-09-07T14:02:28+00:00,funding_spread,PONSUSDT,long Bitget / short Gate,13.786350,100.00,0.068932,funding_current_after_cost_basis_50pct_realization
2026-09-07T14:46:38+00:00,funding_spread|PONSUSDT|2026-09-07T14:45:13+00:00,funding_spread,PONSUSDT,long Bitget / short Gate,4.249600,100.00,0.021248,funding_current_after_cost_basis_50pct_realization
2026-09-07T15:52:01+00:00,funding_spread|PONSUSDT|2026-09-07T15:50:10+00:00,funding_spread,PONSUSDT,short Bitget / long Gate,0.734850,100.00,0.003674,funding_current_after_cost_basis_50pct_realization
2026-09-07T15:56:24+00:00,funding_spread|PONSUSDT|2026-09-07T15:54:50+00:00,funding_spread,PONSUSDT,short Bitget / long Gate,0.824850,100.00,0.004124,funding_current_after_cost_basis_50pct_realization
2026-09-07T18:20:50+00:00,funding_spread|PONSUSDT|2026-09-07T18:19:22+00:00,funding_spread,PONSUSDT,long Bitget / short Gate,5.577250,100.00,0.027886,funding_current_after_cost_basis_50pct_realization
2026-09-07T18:40:58+00:00,funding_spread|PONSUSDT|2026-09-07T18:39:25+00:00,funding_spread,PONSUSDT,long Bitget / short Gate,0.953100,100.00,0.004765,funding_current_after_cost_basis_50pct_realization
2026-09-07T21:55:06+00:00,funding_spread|PONSUSDT|2026-09-07T21:53:16+00:00,funding_spread,PONSUSDT,short Bitget / long Gate,4.652600,100.00,0.023263,funding_current_after_cost_basis_50pct_realization
2026-09-07T23:57:24+00:00,funding_spread|PONSUSDT|2026-09-07T23:55:54+00:00,funding_spread,PONSUSDT,long Bitget / short Gate,5.376400,100.00,0.026882,funding_current_after_cost_basis_50pct_realization
2026-09-08T02:16:38+00:00,funding_spread|PONSUSDT|2026-09-08T02:15:04+00:00,funding_spread,PONSUSDT,long Bitget / short Gate,14.833100,100.00,0.074165,funding_current_after_cost_basis_50pct_realization
2026-09-08T02:58:41+00:00,funding_spread|PONSUSDT|2026-09-08T02:56:52+00:00,funding_spread,PONSUSDT,long Bitget / short Gate,6.023950,100.00,0.030120,funding_current_after_cost_basis_50pct_realization
2026-09-08T08:01:33+00:00,funding_spread|SOPHUSDT|2026-09-08T07:59:57+00:00,funding_spread,SOPHUSDT,long Bitget / short Gate,11.265700,100.00,0.056329,funding_current_after_cost_basis_50pct_realization
2026-09-08T09:37:37+00:00,funding_spread|SOPHUSDT|2026-09-08T09:36:05+00:00,funding_spread,SOPHUSDT,long Bitget / short Gate,19.735700,100.00,0.098678,funding_current_after_cost_basis_50pct_realization
2026-09-08T11:04:17+00:00,funding_spread|SOPHUSDT|2026-09-08T11:02:48+00:00,funding_spread,SOPHUSDT,long Bitget / short Gate,99.285700,100.00,0.496428,funding_current_after_cost_basis_50pct_realization
2026-09-08T11:52:14+00:00,funding_spread|SOPHUSDT|2026-09-08T11:50:41+00:00,funding_spread,SOPHUSDT,long Bitget / short Gate,98.578150,100.00,0.492891,funding_current_after_cost_basis_50pct_realization
2026-09-08T12:20:07+00:00,funding_spread|SOPHUSDT|2026-09-08T12:18:11+00:00,funding_spread,SOPHUSDT,long Bitget / short Gate,87.582750,100.00,0.437914,funding_current_after_cost_basis_50pct_realization
2026-09-08T12:53:48+00:00,funding_spread|SOPHUSDT|2026-09-08T12:52:14+00:00,funding_spread,SOPHUSDT,long Bitget / short Gate,277.679800,100.00,1.388399,funding_current_after_cost_basis_50pct_realization
2026-09-08T15:33:52+00:00,funding_spread|SOPHUSDT|2026-09-08T15:32:04+00:00,funding_spread,SOPHUSDT,long Bitget / short Gate,453.685700,100.00,2.268429,funding_current_after_cost_basis_50pct_realization
2026-09-08T16:15:02+00:00,funding_spread|SOPHUSDT|2026-09-08T16:13:05+00:00,funding_spread,SOPHUSDT,long Bitget / short Gate,1.342750,100.00,0.006714,funding_current_after_cost_basis_50pct_realization
2026-09-08T16:47:23+00:00,funding_spread|SOPHUSDT|2026-09-08T16:45:31+00:00,funding_spread,SOPHUSDT,long Bitget / short Gate,51.621550,100.00,0.258108,funding_current_after_cost_basis_50pct_realization
2026-09-08T17:05:07+00:00,funding_spread|SOPHUSDT|2026-09-08T17:03:31+00:00,funding_spread,SOPHUSDT,long Bitget / short Gate,126.003300,100.00,0.630017,funding_current_after_cost_basis_50pct_realization
2026-09-08T22:12:34+00:00,funding_spread|SOPHUSDT|2026-09-08T22:10:47+00:00,funding_spread,SOPHUSDT,long Bitget / short Gate,1.406100,100.00,0.007030,funding_current_after_cost_basis_50pct_realization
2026-09-08T22:27:25+00:00,funding_spread|SOPHUSDT|2026-09-08T22:25:50+00:00,funding_spread,SOPHUSDT,long Bitget / short Gate,1.265600,100.00,0.006328,funding_current_after_cost_basis_50pct_realization
2026-09-09T18:01:53+00:00,funding_spread|IOSTUSDT|2026-09-09T18:00:14+00:00,funding_spread,IOSTUSDT,short Bitget / long Gate,21.958650,100.00,0.109793,funding_current_after_cost_basis_50pct_realization
2026-09-09T19:37:40+00:00,funding_spread|IOSTUSDT|2026-09-09T19:35:46+00:00,funding_spread,IOSTUSDT,short Bitget / long Gate,10.563650,100.00,0.052818,funding_current_after_cost_basis_50pct_realization
2026-09-10T09:21:32+00:00,funding_spread|牛来USDT|2026-09-10T09:19:40+00:00,funding_spread,牛来USDT,long Bitget / short Gate,37.001500,100.00,0.185007,funding_current_after_cost_basis_50pct_realization
2026-09-10T09:38:22+00:00,funding_spread|牛来USDT|2026-09-10T09:36:29+00:00,funding_spread,牛来USDT,long Bitget / short Gate,40.151850,100.00,0.200759,funding_current_after_cost_basis_50pct_realization
2026-09-10T11:19:46+00:00,funding_spread|牛来USDT|2026-09-10T11:18:11+00:00,funding_spread,牛来USDT,long Bitget / short Gate,39.580700,100.00,0.197904,funding_current_after_cost_basis_50pct_realization
2026-09-10T19:05:10+00:00,funding_spread|牛来USDT|2026-09-10T19:03:21+00:00,funding_spread,牛来USDT,long Bitget / short Gate,7.121850,100.00,0.035609,funding_current_after_cost_basis_50pct_realization
2026-09-10T19:51:59+00:00,funding_spread|VTHOUSDT|2026-09-10T19:50:11+00:00,funding_spread,VTHOUSDT,long Bitget / short Gate,1.765700,100.00,0.008828,funding_current_after_cost_basis_50pct_realization
2026-09-11T01:10:39+00:00,funding_spread|牛来USDT|2026-09-11T01:08:50+00:00,funding_spread,牛来USDT,short Bitget / long Gate,43.489300,100.00,0.217447,funding_current_after_cost_basis_50pct_realization
2026-09-11T03:15:45+00:00,funding_spread|牛来USDT|2026-09-11T03:14:12+00:00,funding_spread,牛来USDT,short Bitget / long Gate,20.173650,100.00,0.100868,funding_current_after_cost_basis_50pct_realization
2026-09-11T04:35:57+00:00,funding_spread|牛来USDT|2026-09-11T04:34:01+00:00,funding_spread,牛来USDT,short Bitget / long Gate,16.245700,100.00,0.081228,funding_current_after_cost_basis_50pct_realization
2026-09-11T06:02:02+00:00,funding_spread|牛来USDT|2026-09-11T06:00:25+00:00,funding_spread,牛来USDT,short Bitget / long Gate,3.545700,100.00,0.017728,funding_current_after_cost_basis_50pct_realization
2026-09-11T06:33:40+00:00,funding_spread|牛来USDT|2026-09-11T06:31:53+00:00,funding_spread,牛来USDT,short Bitget / long Gate,0.728950,100.00,0.003645,funding_current_after_cost_basis_50pct_realization
2026-09-11T08:32:16+00:00,funding_spread|牛来USDT|2026-09-11T08:30:28+00:00,funding_spread,牛来USDT,short Bitget / long Gate,3.799050,100.00,0.018995,funding_current_after_cost_basis_50pct_realization
2026-09-11T09:35:33+00:00,funding_spread|牛来USDT|2026-09-11T09:33:38+00:00,funding_spread,牛来USDT,short Bitget / long Gate,1.819050,100.00,0.009095,funding_current_after_cost_basis_50pct_realization
2026-09-11T11:21:26+00:00,funding_spread|牛来USDT|2026-09-11T11:19:37+00:00,funding_spread,牛来USDT,short Bitget / long Gate,6.685700,100.00,0.033428,funding_current_after_cost_basis_50pct_realization
2026-09-11T12:52:03+00:00,funding_spread|牛来USDT|2026-09-11T12:50:10+00:00,funding_spread,牛来USDT,short Bitget / long Gate,8.615700,100.00,0.043079,funding_current_after_cost_basis_50pct_realization
2026-09-11T13:10:36+00:00,funding_spread|牛来USDT|2026-09-11T13:08:44+00:00,funding_spread,牛来USDT,short Bitget / long Gate,6.075700,100.00,0.030379,funding_current_after_cost_basis_50pct_realization
2026-09-11T13:25:25+00:00,funding_spread|牛来USDT|2026-09-11T13:23:50+00:00,funding_spread,牛来USDT,short Bitget / long Gate,4.795700,100.00,0.023978,funding_current_after_cost_basis_50pct_realization
2026-09-11T14:21:41+00:00,funding_spread|牛来USDT|2026-09-11T14:19:52+00:00,funding_spread,牛来USDT,short Bitget / long Gate,2.765700,100.00,0.013829,funding_current_after_cost_basis_50pct_realization
2026-09-11T15:10:24+00:00,funding_spread|牛来USDT|2026-09-11T15:08:30+00:00,funding_spread,牛来USDT,short Bitget / long Gate,2.105700,100.00,0.010528,funding_current_after_cost_basis_50pct_realization
2026-09-11T15:28:17+00:00,funding_spread|牛来USDT|2026-09-11T15:26:46+00:00,funding_spread,牛来USDT,short Bitget / long Gate,1.895700,100.00,0.009478,funding_current_after_cost_basis_50pct_realization
2026-09-11T17:11:58+00:00,funding_spread|牛来USDT|2026-09-11T17:10:04+00:00,funding_spread,牛来USDT,short Bitget / long Gate,0.415700,100.00,0.002078,funding_current_after_cost_basis_50pct_realization
2026-09-11T18:25:53+00:00,funding_spread|牛来USDT|2026-09-11T18:24:14+00:00,funding_spread,牛来USDT,short Bitget / long Gate,2.875700,100.00,0.014378,funding_current_after_cost_basis_50pct_realization
2026-09-11T18:35:42+00:00,funding_spread|牛来USDT|2026-09-11T18:33:44+00:00,funding_spread,牛来USDT,short Bitget / long Gate,3.165700,100.00,0.015828,funding_current_after_cost_basis_50pct_realization
2026-09-18T04:34:25+00:00,funding_spread|ONEUSDT|2026-09-18T04:32:26+00:00,funding_spread,ONEUSDT,long Bitget / short Gate,40.538250,100.00,0.202691,funding_current_after_cost_basis_50pct_realization
2026-09-18T05:00:55+00:00,funding_spread|ONEUSDT|2026-09-18T04:59:02+00:00,funding_spread,ONEUSDT,long Bitget / short Gate,58.019450,100.00,0.290097,funding_current_after_cost_basis_50pct_realization
2026-09-18T05:17:07+00:00,funding_spread|ONEUSDT|2026-09-18T05:15:13+00:00,funding_spread,ONEUSDT,long Bitget / short Gate,68.639450,100.00,0.343197,funding_current_after_cost_basis_50pct_realization
2026-09-18T06:46:11+00:00,funding_spread|ONEUSDT|2026-09-18T06:44:34+00:00,funding_spread,ONEUSDT,long Bitget / short Gate,72.060300,100.00,0.360302,funding_current_after_cost_basis_50pct_realization
2026-09-18T07:03:13+00:00,funding_spread|ONEUSDT|2026-09-18T07:01:16+00:00,funding_spread,ONEUSDT,long Bitget / short Gate,70.476150,100.00,0.352381,funding_current_after_cost_basis_50pct_realization
2026-09-18T07:17:29+00:00,funding_spread|ONEUSDT|2026-09-18T07:15:45+00:00,funding_spread,ONEUSDT,long Bitget / short Gate,70.281350,100.00,0.351407,funding_current_after_cost_basis_50pct_realization
2026-09-18T09:39:33+00:00,funding_spread|ONEUSDT|2026-09-18T09:37:40+00:00,funding_spread,ONEUSDT,long Bitget / short Gate,62.786500,100.00,0.313933,funding_current_after_cost_basis_50pct_realization
2026-09-18T09:47:18+00:00,funding_spread|ONEUSDT|2026-09-18T09:45:42+00:00,funding_spread,ONEUSDT,long Bitget / short Gate,67.860300,100.00,0.339302,funding_current_after_cost_basis_50pct_realization
2026-09-18T10:03:18+00:00,funding_spread|ONEUSDT|2026-09-18T10:01:23+00:00,funding_spread,ONEUSDT,long Bitget / short Gate,77.109100,100.00,0.385546,funding_current_after_cost_basis_50pct_realization
2026-09-18T11:54:26+00:00,funding_spread|ONEUSDT|2026-09-18T11:52:55+00:00,funding_spread,ONEUSDT,long Bitget / short Gate,80.717950,100.00,0.403590,funding_current_after_cost_basis_50pct_realization
2026-09-18T14:06:35+00:00,funding_spread|ONEUSDT|2026-09-18T14:04:41+00:00,funding_spread,ONEUSDT,long Bitget / short Gate,86.536450,100.00,0.432682,funding_current_after_cost_basis_50pct_realization
2026-09-18T14:32:27+00:00,funding_spread|ONEUSDT|2026-09-18T14:30:34+00:00,funding_spread,ONEUSDT,long Bitget / short Gate,86.531950,100.00,0.432660,funding_current_after_cost_basis_50pct_realization
2026-09-18T15:25:49+00:00,funding_spread|ONEUSDT|2026-09-18T15:24:13+00:00,funding_spread,ONEUSDT,long Bitget / short Gate,80.034750,100.00,0.400174,funding_current_after_cost_basis_50pct_realization
2026-09-18T17:42:53+00:00,funding_spread|ONEUSDT|2026-09-18T17:40:58+00:00,funding_spread,ONEUSDT,long Bitget / short Gate,21.098900,100.00,0.105494,funding_current_after_cost_basis_50pct_realization
2026-09-18T18:01:34+00:00,funding_spread|ONEUSDT|2026-09-18T18:00:00+00:00,funding_spread,ONEUSDT,long Bitget / short Gate,24.468250,100.00,0.122341,funding_current_after_cost_basis_50pct_realization
2026-09-18T18:21:54+00:00,funding_spread|ONEUSDT|2026-09-18T18:20:21+00:00,funding_spread,ONEUSDT,long Bitget / short Gate,21.316600,100.00,0.106583,funding_current_after_cost_basis_50pct_realization
2026-09-18T18:43:29+00:00,funding_spread|ONEUSDT|2026-09-18T18:41:52+00:00,funding_spread,ONEUSDT,long Bitget / short Gate,18.559950,100.00,0.092800,funding_current_after_cost_basis_50pct_realization
2026-09-18T20:01:33+00:00,funding_spread|ONEUSDT|2026-09-18T19:59:44+00:00,funding_spread,ONEUSDT,long Bitget / short Gate,16.001600,100.00,0.080008,funding_current_after_cost_basis_50pct_realization
2026-09-18T21:00:27+00:00,funding_spread|ONEUSDT|2026-09-18T20:58:34+00:00,funding_spread,ONEUSDT,long Bitget / short Gate,13.188250,100.00,0.065941,funding_current_after_cost_basis_50pct_realization
2026-09-18T21:38:00+00:00,funding_spread|ONEUSDT|2026-09-18T21:36:23+00:00,funding_spread,ONEUSDT,long Bitget / short Gate,26.522950,100.00,0.132615,funding_current_after_cost_basis_50pct_realization
2026-09-18T22:36:19+00:00,funding_spread|ONEUSDT|2026-09-18T22:34:26+00:00,funding_spread,ONEUSDT,long Bitget / short Gate,25.148250,100.00,0.125741,funding_current_after_cost_basis_50pct_realization
2026-09-18T23:23:13+00:00,funding_spread|ONEUSDT|2026-09-18T23:21:18+00:00,funding_spread,ONEUSDT,long Bitget / short Gate,44.105800,100.00,0.220529,funding_current_after_cost_basis_50pct_realization
2026-09-19T00:13:43+00:00,funding_spread|ONEUSDT|2026-09-19T00:11:53+00:00,funding_spread,ONEUSDT,long Bitget / short Gate,26.247050,100.00,0.131235,funding_current_after_cost_basis_50pct_realization
2026-09-19T00:40:31+00:00,funding_spread|ONEUSDT|2026-09-19T00:38:42+00:00,funding_spread,ONEUSDT,long Bitget / short Gate,11.208250,100.00,0.056041,funding_current_after_cost_basis_50pct_realization
2026-09-19T05:07:51+00:00,funding_spread|ONEUSDT|2026-09-19T05:06:13+00:00,funding_spread,ONEUSDT,long Bitget / short Gate,9.447600,100.00,0.047238,funding_current_after_cost_basis_50pct_realization
2026-09-19T10:58:38+00:00,funding_spread|ONEUSDT|2026-09-19T10:56:48+00:00,funding_spread,ONEUSDT,long Bitget / short Gate,10.287950,100.00,0.051440,funding_current_after_cost_basis_50pct_realization
2026-09-19T13:27:01+00:00,funding_spread|ONEUSDT|2026-09-19T13:25:09+00:00,funding_spread,ONEUSDT,long Bitget / short Gate,10.546800,100.00,0.052734,funding_current_after_cost_basis_50pct_realization
2026-09-19T14:11:53+00:00,funding_spread|ONEUSDT|2026-09-19T14:10:25+00:00,funding_spread,ONEUSDT,long Bitget / short Gate,4.997200,100.00,0.024986,funding_current_after_cost_basis_50pct_realization
2026-09-19T14:30:37+00:00,funding_spread|ONEUSDT|2026-09-19T14:29:04+00:00,funding_spread,ONEUSDT,long Bitget / short Gate,0.206800,100.00,0.001034,funding_current_after_cost_basis_50pct_realization
2026-09-19T19:00:04+00:00,funding_spread|FUSDT|2026-09-19T18:58:25+00:00,funding_spread,FUSDT,short Bitget / long Gate,17.540700,100.00,0.087703,funding_current_after_cost_basis_50pct_realization
2026-09-19T19:32:27+00:00,funding_spread|FUSDT|2026-09-19T19:30:40+00:00,funding_spread,FUSDT,short Bitget / long Gate,15.880700,100.00,0.079404,funding_current_after_cost_basis_50pct_realization
2026-09-19T19:44:54+00:00,funding_spread|FUSDT|2026-09-19T19:42:49+00:00,funding_spread,FUSDT,short Bitget / long Gate,16.305700,100.00,0.081528,funding_current_after_cost_basis_50pct_realization
2026-09-19T20:34:06+00:00,funding_spread|FUSDT|2026-09-19T20:32:15+00:00,funding_spread,FUSDT,short Bitget / long Gate,16.960700,100.00,0.084803,funding_current_after_cost_basis_50pct_realization
2026-09-19T21:29:19+00:00,funding_spread|FUSDT|2026-09-19T21:27:49+00:00,funding_spread,FUSDT,short Bitget / long Gate,12.715700,100.00,0.063578,funding_current_after_cost_basis_50pct_realization
2026-09-19T21:40:41+00:00,funding_spread|FUSDT|2026-09-19T21:38:49+00:00,funding_spread,FUSDT,short Bitget / long Gate,11.480700,100.00,0.057404,funding_current_after_cost_basis_50pct_realization
2026-09-19T21:55:12+00:00,funding_spread|FUSDT|2026-09-19T21:53:10+00:00,funding_spread,FUSDT,short Bitget / long Gate,9.760700,100.00,0.048803,funding_current_after_cost_basis_50pct_realization
2026-09-19T22:56:43+00:00,funding_spread|AKEUSDT|2026-09-19T22:54:52+00:00,funding_spread,AKEUSDT,long Bitget / short Gate,9.445700,100.00,0.047228,funding_current_after_cost_basis_50pct_realization
2026-09-20T06:07:01+00:00,funding_spread|GUSDT|2026-09-20T06:05:12+00:00,funding_spread,GUSDT,long Bitget / short Gate,10.545700,100.00,0.052728,funding_current_after_cost_basis_50pct_realization
2026-09-20T07:20:51+00:00,funding_spread|ONEUSDT|2026-09-20T07:18:48+00:00,funding_spread,ONEUSDT,long Bitget / short Gate,0.667750,100.00,0.003339,funding_current_after_cost_basis_50pct_realization
2026-09-20T11:17:41+00:00,funding_spread|AKEUSDT|2026-09-20T11:16:09+00:00,funding_spread,AKEUSDT,long Bitget / short Gate,108.085700,100.00,0.540428,funding_current_after_cost_basis_50pct_realization
2026-09-20T12:02:27+00:00,funding_spread|AKEUSDT|2026-09-20T12:00:38+00:00,funding_spread,AKEUSDT,long Bitget / short Gate,54.565700,100.00,0.272828,funding_current_after_cost_basis_50pct_realization
2026-09-20T12:39:22+00:00,funding_spread|MSTRUSDT|2026-09-20T12:37:28+00:00,funding_spread,MSTRUSDT,short Bitget / long Gate,1.985700,100.00,0.009928,funding_current_after_cost_basis_50pct_realization
2026-09-20T15:06:40+00:00,funding_spread|AKEUSDT|2026-09-20T15:04:44+00:00,funding_spread,AKEUSDT,long Bitget / short Gate,23.285700,100.00,0.116428,funding_current_after_cost_basis_50pct_realization
2026-09-20T16:00:34+00:00,funding_spread|AKEUSDT|2026-09-20T15:58:37+00:00,funding_spread,AKEUSDT,long Bitget / short Gate,16.005700,100.00,0.080028,funding_current_after_cost_basis_50pct_realization
2026-09-20T16:23:51+00:00,funding_spread|AKEUSDT|2026-09-20T16:21:55+00:00,funding_spread,AKEUSDT,long Bitget / short Gate,21.965700,100.00,0.109828,funding_current_after_cost_basis_50pct_realization
2026-09-20T16:38:10+00:00,funding_spread|AKEUSDT|2026-09-20T16:36:19+00:00,funding_spread,AKEUSDT,long Bitget / short Gate,23.925700,100.00,0.119628,funding_current_after_cost_basis_50pct_realization
2026-09-20T18:21:10+00:00,funding_spread|CELRUSDT|2026-09-20T18:19:33+00:00,funding_spread,CELRUSDT,long Bitget / short Gate,15.770700,100.00,0.078853,funding_current_after_cost_basis_50pct_realization
2026-09-20T18:44:28+00:00,funding_spread|CELRUSDT|2026-09-20T18:42:50+00:00,funding_spread,CELRUSDT,long Bitget / short Gate,15.355700,100.00,0.076779,funding_current_after_cost_basis_50pct_realization
2026-09-20T18:59:18+00:00,funding_spread|CELRUSDT|2026-09-20T18:57:26+00:00,funding_spread,CELRUSDT,long Bitget / short Gate,13.745700,100.00,0.068729,funding_current_after_cost_basis_50pct_realization
2026-09-20T19:11:45+00:00,funding_spread|CELRUSDT|2026-09-20T19:10:03+00:00,funding_spread,CELRUSDT,long Bitget / short Gate,12.005700,100.00,0.060029,funding_current_after_cost_basis_50pct_realization
2026-09-20T21:04:19+00:00,funding_spread|CELRUSDT|2026-09-20T21:02:45+00:00,funding_spread,CELRUSDT,long Bitget / short Gate,5.565700,100.00,0.027829,funding_current_after_cost_basis_50pct_realization
2026-09-20T21:27:49+00:00,funding_spread|CELRUSDT|2026-09-20T21:25:56+00:00,funding_spread,CELRUSDT,long Bitget / short Gate,3.955700,100.00,0.019779,funding_current_after_cost_basis_50pct_realization
2026-09-20T21:42:07+00:00,funding_spread|CELRUSDT|2026-09-20T21:40:21+00:00,funding_spread,CELRUSDT,long Bitget / short Gate,3.130700,100.00,0.015654,funding_current_after_cost_basis_50pct_realization
2026-09-20T23:20:00+00:00,funding_spread|AKEUSDT|2026-09-20T23:18:22+00:00,funding_spread,AKEUSDT,long Bitget / short Gate,18.365700,100.00,0.091828,funding_current_after_cost_basis_50pct_realization
2026-09-20T23:26:50+00:00,funding_spread|AKEUSDT|2026-09-20T23:24:55+00:00,funding_spread,AKEUSDT,long Bitget / short Gate,20.565700,100.00,0.102829,funding_current_after_cost_basis_50pct_realization
2026-09-20T23:39:36+00:00,funding_spread|AKEUSDT|2026-09-20T23:37:42+00:00,funding_spread,AKEUSDT,long Bitget / short Gate,16.005700,100.00,0.080028,funding_current_after_cost_basis_50pct_realization
2026-09-21T00:11:09+00:00,funding_spread|AKEUSDT|2026-09-21T00:09:21+00:00,funding_spread,AKEUSDT,long Bitget / short Gate,1.165700,100.00,0.005828,funding_current_after_cost_basis_50pct_realization
2026-09-21T01:22:40+00:00,funding_spread|AKEUSDT|2026-09-21T01:20:38+00:00,funding_spread,AKEUSDT,long Bitget / short Gate,12.845700,100.00,0.064229,funding_current_after_cost_basis_50pct_realization
2026-09-21T01:26:58+00:00,funding_spread|AKEUSDT|2026-09-21T01:25:21+00:00,funding_spread,AKEUSDT,long Bitget / short Gate,14.325700,100.00,0.071628,funding_current_after_cost_basis_50pct_realization
2026-09-21T01:44:13+00:00,funding_spread|AKEUSDT|2026-09-21T01:42:20+00:00,funding_spread,AKEUSDT,long Bitget / short Gate,7.045700,100.00,0.035229,funding_current_after_cost_basis_50pct_realization
2026-09-21T06:13:08+00:00,funding_spread|AKEUSDT|2026-09-21T06:11:13+00:00,funding_spread,AKEUSDT,long Bitget / short Gate,2.645700,100.00,0.013228,funding_current_after_cost_basis_50pct_realization
2026-09-21T06:38:49+00:00,funding_spread|AKEUSDT|2026-09-21T06:36:53+00:00,funding_spread,AKEUSDT,long Bitget / short Gate,3.085700,100.00,0.015428,funding_current_after_cost_basis_50pct_realization
2026-09-21T06:56:29+00:00,funding_spread|AKEUSDT|2026-09-21T06:54:55+00:00,funding_spread,AKEUSDT,long Bitget / short Gate,4.685700,100.00,0.023429,funding_current_after_cost_basis_50pct_realization
2026-09-21T07:17:03+00:00,funding_spread|AKEUSDT|2026-09-21T07:15:10+00:00,funding_spread,AKEUSDT,long Bitget / short Gate,1.645700,100.00,0.008228,funding_current_after_cost_basis_50pct_realization
2026-09-21T13:26:15+00:00,funding_spread|INTCUSDT|2026-09-21T13:24:25+00:00,funding_spread,INTCUSDT,short Bitget / long Gate,4.630700,100.00,0.023154,funding_current_after_cost_basis_50pct_realization
2026-09-21T13:47:07+00:00,funding_spread|AKEUSDT|2026-09-21T13:45:33+00:00,funding_spread,AKEUSDT,long Bitget / short Gate,0.365700,100.00,0.001829,funding_current_after_cost_basis_50pct_realization
2026-09-21T13:59:42+00:00,funding_spread|AKEUSDT|2026-09-21T13:57:44+00:00,funding_spread,AKEUSDT,long Bitget / short Gate,0.285700,100.00,0.001428,funding_current_after_cost_basis_50pct_realization
2026-09-21T14:29:29+00:00,funding_spread|AKEUSDT|2026-09-21T14:27:36+00:00,funding_spread,AKEUSDT,long Bitget / short Gate,4.405700,100.00,0.022029,funding_current_after_cost_basis_50pct_realization
2026-09-21T18:56:40+00:00,funding_spread|AKEUSDT|2026-09-21T18:55:03+00:00,funding_spread,AKEUSDT,long Bitget / short Gate,0.685700,100.00,0.003428,funding_current_after_cost_basis_50pct_realization
2026-09-21T19:04:31+00:00,funding_spread|AKEUSDT|2026-09-21T19:02:35+00:00,funding_spread,AKEUSDT,long Bitget / short Gate,10.205700,100.00,0.051029,funding_current_after_cost_basis_50pct_realization
2026-09-21T19:20:52+00:00,funding_spread|AKEUSDT|2026-09-21T19:19:15+00:00,funding_spread,AKEUSDT,long Bitget / short Gate,2.165700,100.00,0.010828,funding_current_after_cost_basis_50pct_realization
2026-09-21T19:46:26+00:00,funding_spread|AKEUSDT|2026-09-21T19:44:47+00:00,funding_spread,AKEUSDT,long Bitget / short Gate,0.525700,100.00,0.002628,funding_current_after_cost_basis_50pct_realization
2026-09-21T21:26:22+00:00,funding_spread|AKEUSDT|2026-09-21T21:24:30+00:00,funding_spread,AKEUSDT,long Bitget / short Gate,3.215700,100.00,0.016078,funding_current_after_cost_basis_50pct_realization
2026-09-21T22:29:32+00:00,funding_spread|AKEUSDT|2026-09-21T22:27:41+00:00,funding_spread,AKEUSDT,long Bitget / short Gate,2.665700,100.00,0.013329,funding_current_after_cost_basis_50pct_realization
2026-09-21T22:36:28+00:00,funding_spread|AKEUSDT|2026-09-21T22:34:56+00:00,funding_spread,AKEUSDT,long Bitget / short Gate,2.425700,100.00,0.012129,funding_current_after_cost_basis_50pct_realization
2026-09-21T23:02:26+00:00,funding_spread|AKEUSDT|2026-09-21T23:00:40+00:00,funding_spread,AKEUSDT,long Bitget / short Gate,1.135700,100.00,0.005678,funding_current_after_cost_basis_50pct_realization
2026-09-21T23:14:16+00:00,funding_spread|AKEUSDT|2026-09-21T23:12:42+00:00,funding_spread,AKEUSDT,long Bitget / short Gate,1.505700,100.00,0.007528,funding_current_after_cost_basis_50pct_realization
2026-09-22T01:04:30+00:00,funding_spread|AKEUSDT|2026-09-22T01:02:43+00:00,funding_spread,AKEUSDT,long Bitget / short Gate,2.875700,100.00,0.014378,funding_current_after_cost_basis_50pct_realization
2026-09-22T01:12:46+00:00,funding_spread|AKEUSDT|2026-09-22T01:10:58+00:00,funding_spread,AKEUSDT,long Bitget / short Gate,2.005700,100.00,0.010028,funding_current_after_cost_basis_50pct_realization
2026-09-22T01:44:36+00:00,funding_spread|AKEUSDT|2026-09-22T01:42:57+00:00,funding_spread,AKEUSDT,long Bitget / short Gate,1.835700,100.00,0.009178,funding_current_after_cost_basis_50pct_realization
2026-09-22T04:45:14+00:00,funding_spread|AKEUSDT|2026-09-22T04:43:27+00:00,funding_spread,AKEUSDT,long Bitget / short Gate,2.065700,100.00,0.010328,funding_current_after_cost_basis_50pct_realization
2026-09-22T06:11:52+00:00,funding_spread|AKEUSDT|2026-09-22T06:10:03+00:00,funding_spread,AKEUSDT,long Bitget / short Gate,0.105700,100.00,0.000528,funding_current_after_cost_basis_50pct_realization
2026-09-22T09:53:38+00:00,funding_spread|AKEUSDT|2026-09-22T09:52:06+00:00,funding_spread,AKEUSDT,long Bitget / short Gate,0.065700,100.00,0.000328,funding_current_after_cost_basis_50pct_realization
2026-09-22T11:58:01+00:00,funding_spread|MUBARAKUSDT|2026-09-22T11:56:17+00:00,funding_spread,MUBARAKUSDT,long Bitget / short Gate,10.235700,100.00,0.051178,funding_current_after_cost_basis_50pct_realization
2026-09-22T12:43:20+00:00,funding_spread|MUBARAKUSDT|2026-09-22T12:41:26+00:00,funding_spread,MUBARAKUSDT,long Bitget / short Gate,9.725700,100.00,0.048628,funding_current_after_cost_basis_50pct_realization
2026-09-22T14:44:47+00:00,funding_spread|MUBARAKUSDT|2026-09-22T14:42:55+00:00,funding_spread,MUBARAKUSDT,long Bitget / short Gate,7.415700,100.00,0.037079,funding_current_after_cost_basis_50pct_realization
2026-09-22T15:49:53+00:00,funding_spread|MUBARAKUSDT|2026-09-22T15:47:49+00:00,funding_spread,MUBARAKUSDT,long Bitget / short Gate,5.865700,100.00,0.029329,funding_current_after_cost_basis_50pct_realization
2026-09-22T16:46:49+00:00,funding_spread|MUBARAKUSDT|2026-09-22T16:44:55+00:00,funding_spread,MUBARAKUSDT,long Bitget / short Gate,9.825700,100.00,0.049128,funding_current_after_cost_basis_50pct_realization
2026-09-22T17:26:57+00:00,funding_spread|MUBARAKUSDT|2026-09-22T17:25:02+00:00,funding_spread,MUBARAKUSDT,long Bitget / short Gate,12.065700,100.00,0.060329,funding_current_after_cost_basis_50pct_realization
2026-09-22T18:49:00+00:00,funding_spread|MUBARAKUSDT|2026-09-22T18:47:07+00:00,funding_spread,MUBARAKUSDT,long Bitget / short Gate,9.365700,100.00,0.046829,funding_current_after_cost_basis_50pct_realization
2026-09-22T19:27:07+00:00,funding_spread|MUBARAKUSDT|2026-09-22T19:25:15+00:00,funding_spread,MUBARAKUSDT,long Bitget / short Gate,7.985700,100.00,0.039928,funding_current_after_cost_basis_50pct_realization
2026-09-22T20:02:07+00:00,funding_spread|MUBARAKUSDT|2026-09-22T20:00:09+00:00,funding_spread,MUBARAKUSDT,long Bitget / short Gate,6.725700,100.00,0.033629,funding_current_after_cost_basis_50pct_realization
2026-09-22T20:25:54+00:00,funding_spread|MUBARAKUSDT|2026-09-22T20:23:53+00:00,funding_spread,MUBARAKUSDT,long Bitget / short Gate,2.975700,100.00,0.014878,funding_current_after_cost_basis_50pct_realization
2026-09-22T22:01:57+00:00,funding_spread|MUBARAKUSDT|2026-09-22T22:00:20+00:00,funding_spread,MUBARAKUSDT,long Bitget / short Gate,3.545700,100.00,0.017728,funding_current_after_cost_basis_50pct_realization
2026-09-22T22:26:09+00:00,funding_spread|MUBARAKUSDT|2026-09-22T22:24:29+00:00,funding_spread,MUBARAKUSDT,long Bitget / short Gate,2.935700,100.00,0.014678,funding_current_after_cost_basis_50pct_realization
2026-09-22T22:58:24+00:00,funding_spread|MUBARAKUSDT|2026-09-22T22:56:35+00:00,funding_spread,MUBARAKUSDT,long Bitget / short Gate,3.515700,100.00,0.017579,funding_current_after_cost_basis_50pct_realization
2026-09-22T23:12:46+00:00,funding_spread|MUBARAKUSDT|2026-09-22T23:11:15+00:00,funding_spread,MUBARAKUSDT,long Bitget / short Gate,3.855700,100.00,0.019279,funding_current_after_cost_basis_50pct_realization
2026-09-23T00:23:18+00:00,funding_spread|MUBARAKUSDT|2026-09-23T00:21:32+00:00,funding_spread,MUBARAKUSDT,long Bitget / short Gate,6.175700,100.00,0.030879,funding_current_after_cost_basis_50pct_realization
2026-09-23T00:49:11+00:00,funding_spread|MUBARAKUSDT|2026-09-23T00:47:33+00:00,funding_spread,MUBARAKUSDT,long Bitget / short Gate,4.755700,100.00,0.023779,funding_current_after_cost_basis_50pct_realization
2026-09-23T01:25:44+00:00,funding_spread|MUBARAKUSDT|2026-09-23T01:23:50+00:00,funding_spread,MUBARAKUSDT,long Bitget / short Gate,5.735700,100.00,0.028679,funding_current_after_cost_basis_50pct_realization
2026-09-23T01:38:21+00:00,funding_spread|MUBARAKUSDT|2026-09-23T01:36:29+00:00,funding_spread,MUBARAKUSDT,long Bitget / short Gate,5.305700,100.00,0.026528,funding_current_after_cost_basis_50pct_realization
2026-09-23T05:25:51+00:00,funding_spread|MUBARAKUSDT|2026-09-23T05:24:01+00:00,funding_spread,MUBARAKUSDT,long Bitget / short Gate,2.655700,100.00,0.013279,funding_current_after_cost_basis_50pct_realization
2026-09-23T05:53:29+00:00,funding_spread|MUBARAKUSDT|2026-09-23T05:51:54+00:00,funding_spread,MUBARAKUSDT,long Bitget / short Gate,3.055700,100.00,0.015279,funding_current_after_cost_basis_50pct_realization
2026-09-23T06:24:44+00:00,funding_spread|MUBARAKUSDT|2026-09-23T06:22:59+00:00,funding_spread,MUBARAKUSDT,long Bitget / short Gate,3.175700,100.00,0.015879,funding_current_after_cost_basis_50pct_realization
2026-09-23T06:46:29+00:00,funding_spread|MUBARAKUSDT|2026-09-23T06:44:44+00:00,funding_spread,MUBARAKUSDT,long Bitget / short Gate,2.865700,100.00,0.014328,funding_current_after_cost_basis_50pct_realization
2026-09-23T10:14:32+00:00,funding_spread|MUBARAKUSDT|2026-09-23T10:12:42+00:00,funding_spread,MUBARAKUSDT,long Bitget / short Gate,3.275700,100.00,0.016379,funding_current_after_cost_basis_50pct_realization
2026-09-23T11:26:24+00:00,funding_spread|MUBARAKUSDT|2026-09-23T11:24:53+00:00,funding_spread,MUBARAKUSDT,long Bitget / short Gate,3.485700,100.00,0.017428,funding_current_after_cost_basis_50pct_realization
2026-09-23T11:58:05+00:00,funding_spread|MUBARAKUSDT|2026-09-23T11:56:31+00:00,funding_spread,MUBARAKUSDT,long Bitget / short Gate,3.245700,100.00,0.016228,funding_current_after_cost_basis_50pct_realization
2026-09-23T12:28:39+00:00,funding_spread|MUBARAKUSDT|2026-09-23T12:26:50+00:00,funding_spread,MUBARAKUSDT,long Bitget / short Gate,6.605700,100.00,0.033029,funding_current_after_cost_basis_50pct_realization
2026-09-23T15:04:50+00:00,funding_spread|MUBARAKUSDT|2026-09-23T15:03:13+00:00,funding_spread,MUBARAKUSDT,long Bitget / short Gate,0.695700,100.00,0.003478,funding_current_after_cost_basis_50pct_realization
2026-09-23T16:45:10+00:00,funding_spread|MUBARAKUSDT|2026-09-23T16:43:38+00:00,funding_spread,MUBARAKUSDT,long Bitget / short Gate,10.075700,100.00,0.050378,funding_current_after_cost_basis_50pct_realization
2026-09-23T16:49:45+00:00,funding_spread|MUBARAKUSDT|2026-09-23T16:47:50+00:00,funding_spread,MUBARAKUSDT,long Bitget / short Gate,9.475700,100.00,0.047378,funding_current_after_cost_basis_50pct_realization
2026-09-23T17:27:01+00:00,funding_spread|MUBARAKUSDT|2026-09-23T17:25:30+00:00,funding_spread,MUBARAKUSDT,long Bitget / short Gate,9.045700,100.00,0.045229,funding_current_after_cost_basis_50pct_realization
2026-09-23T19:10:10+00:00,funding_spread|MUBARAKUSDT|2026-09-23T19:08:17+00:00,funding_spread,MUBARAKUSDT,long Bitget / short Gate,5.535700,100.00,0.027679,funding_current_after_cost_basis_50pct_realization
2026-09-23T19:59:08+00:00,funding_spread|MUBARAKUSDT|2026-09-23T19:57:12+00:00,funding_spread,MUBARAKUSDT,long Bitget / short Gate,5.335700,100.00,0.026679,funding_current_after_cost_basis_50pct_realization
2026-09-23T20:14:51+00:00,funding_spread|MUBARAKUSDT|2026-09-23T20:13:18+00:00,funding_spread,MUBARAKUSDT,long Bitget / short Gate,4.725700,100.00,0.023629,funding_current_after_cost_basis_50pct_realization
2026-09-23T20:42:35+00:00,funding_spread|MUBARAKUSDT|2026-09-23T20:40:43+00:00,funding_spread,MUBARAKUSDT,long Bitget / short Gate,2.395700,100.00,0.011978,funding_current_after_cost_basis_50pct_realization
2026-09-23T22:22:54+00:00,funding_spread|MUBARAKUSDT|2026-09-23T22:21:18+00:00,funding_spread,MUBARAKUSDT,long Bitget / short Gate,3.635700,100.00,0.018178,funding_current_after_cost_basis_50pct_realization
2026-09-23T22:54:55+00:00,funding_spread|MUBARAKUSDT|2026-09-23T22:53:07+00:00,funding_spread,MUBARAKUSDT,long Bitget / short Gate,3.155700,100.00,0.015779,funding_current_after_cost_basis_50pct_realization
2026-09-23T23:17:41+00:00,funding_spread|MUBARAKUSDT|2026-09-23T23:15:53+00:00,funding_spread,MUBARAKUSDT,long Bitget / short Gate,3.235700,100.00,0.016178,funding_current_after_cost_basis_50pct_realization
2026-09-23T23:38:27+00:00,funding_spread|MUBARAKUSDT|2026-09-23T23:36:49+00:00,funding_spread,MUBARAKUSDT,long Bitget / short Gate,3.175700,100.00,0.015879,funding_current_after_cost_basis_50pct_realization
2026-09-24T00:43:53+00:00,funding_spread|MUBARAKUSDT|2026-09-24T00:42:05+00:00,funding_spread,MUBARAKUSDT,long Bitget / short Gate,2.305700,100.00,0.011528,funding_current_after_cost_basis_50pct_realization
2026-09-24T01:07:38+00:00,funding_spread|MUBARAKUSDT|2026-09-24T01:05:49+00:00,funding_spread,MUBARAKUSDT,long Bitget / short Gate,3.045700,100.00,0.015228,funding_current_after_cost_basis_50pct_realization
2026-09-24T01:39:48+00:00,funding_spread|MUBARAKUSDT|2026-09-24T01:38:15+00:00,funding_spread,MUBARAKUSDT,long Bitget / short Gate,3.495700,100.00,0.017479,funding_current_after_cost_basis_50pct_realization
2026-09-24T04:37:33+00:00,funding_spread|MUBARAKUSDT|2026-09-24T04:36:04+00:00,funding_spread,MUBARAKUSDT,long Bitget / short Gate,2.805700,100.00,0.014028,funding_current_after_cost_basis_50pct_realization
2026-09-24T05:26:33+00:00,funding_spread|MUBARAKUSDT|2026-09-24T05:24:44+00:00,funding_spread,MUBARAKUSDT,long Bitget / short Gate,6.175700,100.00,0.030879,funding_current_after_cost_basis_50pct_realization
2026-09-24T06:11:58+00:00,funding_spread|MUBARAKUSDT|2026-09-24T06:10:21+00:00,funding_spread,MUBARAKUSDT,long Bitget / short Gate,3.305700,100.00,0.016528,funding_current_after_cost_basis_50pct_realization
2026-09-24T06:52:37+00:00,funding_spread|MUBARAKUSDT|2026-09-24T06:50:48+00:00,funding_spread,MUBARAKUSDT,long Bitget / short Gate,4.095700,100.00,0.020479,funding_current_after_cost_basis_50pct_realization
2026-09-24T09:56:25+00:00,funding_spread|MUBARAKUSDT|2026-09-24T09:54:34+00:00,funding_spread,MUBARAKUSDT,long Bitget / short Gate,4.535700,100.00,0.022679,funding_current_after_cost_basis_50pct_realization
2026-09-24T10:17:50+00:00,funding_spread|MUBARAKUSDT|2026-09-24T10:16:04+00:00,funding_spread,MUBARAKUSDT,long Bitget / short Gate,3.685700,100.00,0.018429,funding_current_after_cost_basis_50pct_realization
2026-09-24T11:51:25+00:00,funding_spread|NILUSDT|2026-09-24T11:49:39+00:00,funding_spread,NILUSDT,short Bitget / long Gate,0.294950,100.00,0.001475,funding_current_after_cost_basis_50pct_realization
2026-09-24T14:58:09+00:00,funding_spread|CRCLUSDT|2026-09-24T14:56:32+00:00,funding_spread,CRCLUSDT,short Bitget / long Gate,0.975700,100.00,0.004879,funding_current_after_cost_basis_50pct_realization
2026-09-24T15:09:11+00:00,funding_spread|CRCLUSDT|2026-09-24T15:07:21+00:00,funding_spread,CRCLUSDT,short Bitget / long Gate,0.945700,100.00,0.004729,funding_current_after_cost_basis_50pct_realization
2026-09-24T16:29:23+00:00,funding_spread|CRCLUSDT|2026-09-24T16:27:26+00:00,funding_spread,CRCLUSDT,short Bitget / long Gate,0.710700,100.00,0.003553,funding_current_after_cost_basis_50pct_realization
2026-09-24T17:42:26+00:00,funding_spread|CRCLUSDT|2026-09-24T17:40:33+00:00,funding_spread,CRCLUSDT,short Bitget / long Gate,0.330700,100.00,0.001653,funding_current_after_cost_basis_50pct_realization
2026-09-24T19:12:21+00:00,funding_spread|LSKUSDT|2026-09-24T19:10:30+00:00,funding_spread,LSKUSDT,long Bitget / short Gate,1.405700,100.00,0.007029,funding_current_after_cost_basis_50pct_realization
2026-09-24T20:06:44+00:00,funding_spread|LSKUSDT|2026-09-24T20:05:09+00:00,funding_spread,LSKUSDT,long Bitget / short Gate,0.485700,100.00,0.002428,funding_current_after_cost_basis_50pct_realization
2026-09-25T01:36:48+00:00,funding_spread|BTWUSDT|2026-09-25T01:35:13+00:00,funding_spread,BTWUSDT,long Bitget / short Gate,2.795700,100.00,0.013978,funding_current_after_cost_basis_50pct_realization
2026-09-25T02:03:53+00:00,funding_spread|BTWUSDT|2026-09-25T02:02:02+00:00,funding_spread,BTWUSDT,long Bitget / short Gate,1.575700,100.00,0.007879,funding_current_after_cost_basis_50pct_realization
2026-09-25T12:17:10+00:00,funding_spread|BTWUSDT|2026-09-25T12:15:20+00:00,funding_spread,BTWUSDT,long Bitget / short Gate,32.995700,100.00,0.164978,funding_current_after_cost_basis_50pct_realization
2026-09-25T13:13:20+00:00,funding_spread|BTWUSDT|2026-09-25T13:11:30+00:00,funding_spread,BTWUSDT,long Bitget / short Gate,23.145700,100.00,0.115728,funding_current_after_cost_basis_50pct_realization
2026-09-25T13:40:36+00:00,funding_spread|BTWUSDT|2026-09-25T13:38:46+00:00,funding_spread,BTWUSDT,long Bitget / short Gate,24.565700,100.00,0.122829,funding_current_after_cost_basis_50pct_realization
2026-09-25T15:29:30+00:00,funding_spread|BTWUSDT|2026-09-25T15:27:57+00:00,funding_spread,BTWUSDT,long Bitget / short Gate,12.185700,100.00,0.060929,funding_current_after_cost_basis_50pct_realization
2026-09-25T17:27:01+00:00,funding_spread|BTWUSDT|2026-09-25T17:25:05+00:00,funding_spread,BTWUSDT,long Bitget / short Gate,9.945700,100.00,0.049729,funding_current_after_cost_basis_50pct_realization
2026-09-25T18:07:13+00:00,funding_spread|BTWUSDT|2026-09-25T18:05:24+00:00,funding_spread,BTWUSDT,long Bitget / short Gate,8.835700,100.00,0.044179,funding_current_after_cost_basis_50pct_realization
2026-09-25T18:31:42+00:00,funding_spread|BTWUSDT|2026-09-25T18:30:10+00:00,funding_spread,BTWUSDT,long Bitget / short Gate,8.505700,100.00,0.042529,funding_current_after_cost_basis_50pct_realization
2026-09-25T19:30:41+00:00,funding_spread|BTWUSDT|2026-09-25T19:28:43+00:00,funding_spread,BTWUSDT,long Bitget / short Gate,11.065700,100.00,0.055328,funding_current_after_cost_basis_50pct_realization
2026-09-25T20:41:58+00:00,funding_spread|BTWUSDT|2026-09-25T20:40:26+00:00,funding_spread,BTWUSDT,long Bitget / short Gate,4.805700,100.00,0.024029,funding_current_after_cost_basis_50pct_realization
2026-09-25T21:38:53+00:00,funding_spread|BTWUSDT|2026-09-25T21:36:56+00:00,funding_spread,BTWUSDT,long Bitget / short Gate,9.565700,100.00,0.047828,funding_current_after_cost_basis_50pct_realization
2026-09-25T22:15:41+00:00,funding_spread|BTWUSDT|2026-09-25T22:13:50+00:00,funding_spread,BTWUSDT,long Bitget / short Gate,10.175700,100.00,0.050879,funding_current_after_cost_basis_50pct_realization
2026-09-25T22:40:31+00:00,funding_spread|BRUSDT|2026-09-25T22:38:37+00:00,funding_spread,BRUSDT,long Bitget / short Gate,9.285150,100.00,0.046426,funding_current_after_cost_basis_50pct_realization
2026-09-25T23:37:54+00:00,funding_spread|BRUSDT|2026-09-25T23:36:03+00:00,funding_spread,BRUSDT,long Bitget / short Gate,8.495700,100.00,0.042479,funding_current_after_cost_basis_50pct_realization
2026-09-26T00:18:31+00:00,funding_spread|BRUSDT|2026-09-26T00:16:36+00:00,funding_spread,BRUSDT,long Bitget / short Gate,6.835550,100.00,0.034178,funding_current_after_cost_basis_50pct_realization
2026-09-26T01:00:29+00:00,funding_spread|BRUSDT|2026-09-26T00:58:39+00:00,funding_spread,BRUSDT,long Bitget / short Gate,8.700100,100.00,0.043501,funding_current_after_cost_basis_50pct_realization
2026-09-26T01:29:46+00:00,funding_spread|BRUSDT|2026-09-26T01:27:46+00:00,funding_spread,BRUSDT,long Bitget / short Gate,8.014600,100.00,0.040073,funding_current_after_cost_basis_50pct_realization
2026-09-26T02:02:07+00:00,funding_spread|BRUSDT|2026-09-26T02:00:11+00:00,funding_spread,BRUSDT,long Bitget / short Gate,8.711150,100.00,0.043556,funding_current_after_cost_basis_50pct_realization
2026-09-26T05:18:17+00:00,funding_spread|BTWUSDT|2026-09-26T05:16:28+00:00,funding_spread,BTWUSDT,long Bitget / short Gate,11.042900,100.00,0.055214,funding_current_after_cost_basis_50pct_realization
2026-09-26T05:46:35+00:00,funding_spread|BTWUSDT|2026-09-26T05:44:46+00:00,funding_spread,BTWUSDT,long Bitget / short Gate,8.421900,100.00,0.042110,funding_current_after_cost_basis_50pct_realization
2026-09-26T07:34:49+00:00,funding_spread|BTWUSDT|2026-09-26T07:32:57+00:00,funding_spread,BTWUSDT,long Bitget / short Gate,6.537950,100.00,0.032690,funding_current_after_cost_basis_50pct_realization
2026-09-26T07:41:50+00:00,funding_spread|BTWUSDT|2026-09-26T07:40:01+00:00,funding_spread,BTWUSDT,long Bitget / short Gate,6.967950,100.00,0.034840,funding_current_after_cost_basis_50pct_realization
2026-09-26T10:07:18+00:00,funding_spread|BTWUSDT|2026-09-26T10:05:23+00:00,funding_spread,BTWUSDT,long Bitget / short Gate,5.681050,100.00,0.028405,funding_current_after_cost_basis_50pct_realization
2026-09-26T14:31:45+00:00,funding_spread|MUBARAKUSDT|2026-09-26T14:30:02+00:00,funding_spread,MUBARAKUSDT,long Bitget / short Gate,1.755450,100.00,0.008777,funding_current_after_cost_basis_50pct_realization
2026-09-26T16:47:43+00:00,funding_spread|BTWUSDT|2026-09-26T16:46:10+00:00,funding_spread,BTWUSDT,long Bitget / short Gate,0.608100,100.00,0.003040,funding_current_after_cost_basis_50pct_realization
2026-09-26T19:33:33+00:00,funding_spread|RAREUSDT|2026-09-26T19:31:41+00:00,funding_spread,RAREUSDT,short Bitget / long Gate,1.980200,100.00,0.009901,funding_current_after_cost_basis_50pct_realization
2026-09-26T19:49:58+00:00,funding_spread|RAREUSDT|2026-09-26T19:48:11+00:00,funding_spread,RAREUSDT,short Bitget / long Gate,1.752000,100.00,0.008760,funding_current_after_cost_basis_50pct_realization
2026-09-26T21:11:26+00:00,funding_spread|BTWUSDT|2026-09-26T21:09:34+00:00,funding_spread,BTWUSDT,long Bitget / short Gate,7.581900,100.00,0.037910,funding_current_after_cost_basis_50pct_realization
2026-09-26T22:14:12+00:00,funding_spread|BTWUSDT|2026-09-26T22:12:17+00:00,funding_spread,BTWUSDT,long Bitget / short Gate,5.781900,100.00,0.028910,funding_current_after_cost_basis_50pct_realization
2026-09-26T22:42:43+00:00,funding_spread|BTWUSDT|2026-09-26T22:40:56+00:00,funding_spread,BTWUSDT,long Bitget / short Gate,5.901900,100.00,0.029509,funding_current_after_cost_basis_50pct_realization
2026-09-26T23:41:12+00:00,funding_spread|BTWUSDT|2026-09-26T23:39:19+00:00,funding_spread,BTWUSDT,long Bitget / short Gate,4.748000,100.00,0.023740,funding_current_after_cost_basis_50pct_realization
2026-09-27T00:42:35+00:00,funding_spread|BTWUSDT|2026-09-27T00:40:42+00:00,funding_spread,BTWUSDT,long Bitget / short Gate,3.918000,100.00,0.019590,funding_current_after_cost_basis_50pct_realization
2026-09-27T01:22:42+00:00,funding_spread|BTWUSDT|2026-09-27T01:20:22+00:00,funding_spread,BTWUSDT,long Bitget / short Gate,4.686150,100.00,0.023431,funding_current_after_cost_basis_50pct_realization
2026-09-27T01:53:34+00:00,funding_spread|BTWUSDT|2026-09-27T01:51:57+00:00,funding_spread,BTWUSDT,long Bitget / short Gate,5.486150,100.00,0.027431,funding_current_after_cost_basis_50pct_realization
2026-09-27T05:52:27+00:00,funding_spread|RAREUSDT|2026-09-27T05:50:57+00:00,funding_spread,RAREUSDT,short Bitget / long Gate,16.786200,100.00,0.083931,funding_current_after_cost_basis_50pct_realization
2026-09-27T08:03:35+00:00,funding_spread|SOONUSDT|2026-09-27T08:01:35+00:00,funding_spread,SOONUSDT,long Bitget / short Gate,9.843750,100.00,0.049219,funding_current_after_cost_basis_50pct_realization
2026-09-27T17:53:22+00:00,funding_spread|RAREUSDT|2026-09-27T17:51:34+00:00,funding_spread,RAREUSDT,short Bitget / long Gate,2.625700,100.00,0.013128,funding_current_after_cost_basis_50pct_realization
2026-09-27T18:19:23+00:00,funding_spread|RAREUSDT|2026-09-27T18:17:30+00:00,funding_spread,RAREUSDT,short Bitget / long Gate,2.975700,100.00,0.014878,funding_current_after_cost_basis_50pct_realization
2026-09-27T20:40:11+00:00,funding_spread|USUSDT|2026-09-27T20:38:15+00:00,funding_spread,USUSDT,long Bitget / short Gate,2.329200,100.00,0.011646,funding_current_after_cost_basis_50pct_realization
2026-09-27T21:27:36+00:00,funding_spread|USUSDT|2026-09-27T21:25:42+00:00,funding_spread,USUSDT,long Bitget / short Gate,4.526200,100.00,0.022631,funding_current_after_cost_basis_50pct_realization
2026-09-27T22:04:12+00:00,funding_spread|USUSDT|2026-09-27T22:02:21+00:00,funding_spread,USUSDT,long Bitget / short Gate,3.609200,100.00,0.018046,funding_current_after_cost_basis_50pct_realization
2026-09-27T22:34:32+00:00,funding_spread|USUSDT|2026-09-27T22:33:02+00:00,funding_spread,USUSDT,long Bitget / short Gate,4.352150,100.00,0.021761,funding_current_after_cost_basis_50pct_realization
2026-09-27T23:32:53+00:00,funding_spread|USUSDT|2026-09-27T23:30:58+00:00,funding_spread,USUSDT,long Bitget / short Gate,3.042150,100.00,0.015211,funding_current_after_cost_basis_50pct_realization
2026-09-28T00:01:41+00:00,funding_spread|USUSDT|2026-09-27T23:59:49+00:00,funding_spread,USUSDT,long Bitget / short Gate,1.711900,100.00,0.008559,funding_current_after_cost_basis_50pct_realization
2026-09-28T00:37:34+00:00,funding_spread|CRCLUSDT|2026-09-28T00:35:36+00:00,funding_spread,CRCLUSDT,long Bitget / short Gate,1.861550,100.00,0.009308,funding_current_after_cost_basis_50pct_realization
2026-09-28T01:13:00+00:00,funding_spread|CRCLUSDT|2026-09-28T01:11:28+00:00,funding_spread,CRCLUSDT,long Bitget / short Gate,3.176450,100.00,0.015882,funding_current_after_cost_basis_50pct_realization
2026-09-28T01:56:35+00:00,funding_spread|CRCLUSDT|2026-09-28T01:54:54+00:00,funding_spread,CRCLUSDT,long Bitget / short Gate,3.533700,100.00,0.017669,funding_current_after_cost_basis_50pct_realization
2026-09-28T05:22:40+00:00,funding_spread|CRCLUSDT|2026-09-28T05:20:47+00:00,funding_spread,CRCLUSDT,long Bitget / short Gate,3.253900,100.00,0.016269,funding_current_after_cost_basis_50pct_realization
2026-09-28T06:43:50+00:00,funding_spread|CRCLUSDT|2026-09-28T06:42:01+00:00,funding_spread,CRCLUSDT,long Bitget / short Gate,1.774350,100.00,0.008872,funding_current_after_cost_basis_50pct_realization
2026-09-28T07:01:39+00:00,funding_spread|CRCLUSDT|2026-09-28T06:59:44+00:00,funding_spread,CRCLUSDT,long Bitget / short Gate,1.309050,100.00,0.006545,funding_current_after_cost_basis_50pct_realization
2026-09-28T07:54:03+00:00,funding_spread|SKHYNIXUSDT|2026-09-28T07:52:10+00:00,funding_spread,SKHYNIXUSDT,short Bitget / long Gate,0.935700,100.00,0.004678,funding_current_after_cost_basis_50pct_realization
2026-09-28T15:21:29+00:00,funding_spread|SOONUSDT|2026-09-28T15:19:35+00:00,funding_spread,SOONUSDT,short Bitget / long Gate,4.245700,100.00,0.021229,funding_current_after_cost_basis_50pct_realization
2026-09-28T15:28:37+00:00,funding_spread|SOONUSDT|2026-09-28T15:26:38+00:00,funding_spread,SOONUSDT,short Bitget / long Gate,4.145700,100.00,0.020729,funding_current_after_cost_basis_50pct_realization
2026-09-28T16:13:53+00:00,funding_spread|SOONUSDT|2026-09-28T16:12:21+00:00,funding_spread,SOONUSDT,short Bitget / long Gate,0.565700,100.00,0.002828,funding_current_after_cost_basis_50pct_realization
2026-09-28T18:58:21+00:00,funding_spread|SPCXUSDT|2026-09-28T18:56:16+00:00,funding_spread,SPCXUSDT,short Bitget / long Gate,2.105700,100.00,0.010528,funding_current_after_cost_basis_50pct_realization
2026-09-28T21:23:03+00:00,funding_spread|SPCXUSDT|2026-09-28T21:21:10+00:00,funding_spread,SPCXUSDT,short Bitget / long Gate,2.530700,100.00,0.012653,funding_current_after_cost_basis_50pct_realization
2026-09-28T22:00:30+00:00,funding_spread|SPCXUSDT|2026-09-28T21:58:36+00:00,funding_spread,SPCXUSDT,short Bitget / long Gate,2.410700,100.00,0.012053,funding_current_after_cost_basis_50pct_realization
2026-09-28T23:45:59+00:00,funding_spread|SPCXUSDT|2026-09-28T23:44:28+00:00,funding_spread,SPCXUSDT,short Bitget / long Gate,2.540700,100.00,0.012703,funding_current_after_cost_basis_50pct_realization
2026-09-29T01:10:11+00:00,funding_spread|SPCXUSDT|2026-09-29T01:08:36+00:00,funding_spread,SPCXUSDT,short Bitget / long Gate,1.155700,100.00,0.005778,funding_current_after_cost_basis_50pct_realization
2026-09-29T01:29:29+00:00,funding_spread|SPCXUSDT|2026-09-29T01:27:56+00:00,funding_spread,SPCXUSDT,short Bitget / long Gate,0.140700,100.00,0.000703,funding_current_after_cost_basis_50pct_realization
2026-09-29T01:50:12+00:00,funding_spread|SAMSUNGUSDT|2026-09-29T01:48:40+00:00,funding_spread,SAMSUNGUSDT,short Bitget / long Gate,1.715700,100.00,0.008578,funding_current_after_cost_basis_50pct_realization
2026-09-29T02:59:27+00:00,funding_spread|SAMSUNGUSDT|2026-09-29T02:57:15+00:00,funding_spread,SAMSUNGUSDT,short Bitget / long Gate,0.635700,100.00,0.003179,funding_current_after_cost_basis_50pct_realization
2026-09-30T21:35:00+00:00,funding_spread|ARKUSDT|2026-09-30T21:33:23+00:00,funding_spread,ARKUSDT,long Bitget / short Gate,20.523000,100.00,0.102615,funding_current_after_cost_basis_50pct_realization
2026-09-30T23:50:55+00:00,funding_spread|ARKUSDT|2026-09-30T23:49:24+00:00,funding_spread,ARKUSDT,long Bitget / short Gate,89.805700,100.00,0.449028,funding_current_after_cost_basis_50pct_realization
2026-09-30T23:57:12+00:00,funding_spread|ARKUSDT|2026-09-30T23:55:39+00:00,funding_spread,ARKUSDT,long Bitget / short Gate,91.245700,100.00,0.456228,funding_current_after_cost_basis_50pct_realization
2026-10-01T02:39:37+00:00,funding_spread|ARKUSDT|2026-10-01T02:37:47+00:00,funding_spread,ARKUSDT,long Bitget / short Gate,16.653300,100.00,0.083267,funding_current_after_cost_basis_50pct_realization
2026-10-01T06:48:36+00:00,funding_spread|TSLAUSDT|2026-10-01T06:46:40+00:00,funding_spread,TSLAUSDT,long Bitget / short Gate,1.924100,100.00,0.009621,funding_current_after_cost_basis_50pct_realization
2026-10-01T14:09:15+00:00,funding_spread|龙虾USDT|2026-10-01T14:07:20+00:00,funding_spread,龙虾USDT,short Bitget / long Gate,5.685700,100.00,0.028429,funding_current_after_cost_basis_50pct_realization
2026-10-01T16:43:24+00:00,funding_spread|龙虾USDT|2026-10-01T16:41:35+00:00,funding_spread,龙虾USDT,short Bitget / long Gate,4.655700,100.00,0.023279,funding_current_after_cost_basis_50pct_realization
2026-10-01T18:00:32+00:00,funding_spread|龙虾USDT|2026-10-01T17:58:25+00:00,funding_spread,龙虾USDT,short Bitget / long Gate,2.575700,100.00,0.012878,funding_current_after_cost_basis_50pct_realization
2026-10-01T18:51:06+00:00,funding_spread|龙虾USDT|2026-10-01T18:49:13+00:00,funding_spread,龙虾USDT,short Bitget / long Gate,2.445700,100.00,0.012228,funding_current_after_cost_basis_50pct_realization
2026-10-01T19:38:09+00:00,funding_spread|龙虾USDT|2026-10-01T19:36:09+00:00,funding_spread,龙虾USDT,short Bitget / long Gate,4.065700,100.00,0.020329,funding_current_after_cost_basis_50pct_realization
2026-10-01T21:26:07+00:00,funding_spread|龙虾USDT|2026-10-01T21:24:33+00:00,funding_spread,龙虾USDT,short Bitget / long Gate,7.645700,100.00,0.038228,funding_current_after_cost_basis_50pct_realization
2026-10-01T22:42:05+00:00,funding_spread|龙虾USDT|2026-10-01T22:40:33+00:00,funding_spread,龙虾USDT,short Bitget / long Gate,3.595700,100.00,0.017978,funding_current_after_cost_basis_50pct_realization
2026-10-01T23:07:31+00:00,funding_spread|龙虾USDT|2026-10-01T23:05:42+00:00,funding_spread,龙虾USDT,short Bitget / long Gate,2.565700,100.00,0.012828,funding_current_after_cost_basis_50pct_realization
2026-10-01T23:35:26+00:00,funding_spread|龙虾USDT|2026-10-01T23:33:36+00:00,funding_spread,龙虾USDT,short Bitget / long Gate,2.645700,100.00,0.013228,funding_current_after_cost_basis_50pct_realization
2026-10-02T01:07:38+00:00,funding_spread|龙虾USDT|2026-10-02T01:05:42+00:00,funding_spread,龙虾USDT,short Bitget / long Gate,1.655700,100.00,0.008278,funding_current_after_cost_basis_50pct_realization
2026-10-02T01:51:47+00:00,funding_spread|龙虾USDT|2026-10-02T01:49:52+00:00,funding_spread,龙虾USDT,short Bitget / long Gate,0.625700,100.00,0.003129,funding_current_after_cost_basis_50pct_realization
2026-10-02T06:30:51+00:00,funding_spread|龙虾USDT|2026-10-02T06:28:59+00:00,funding_spread,龙虾USDT,short Bitget / long Gate,2.085700,100.00,0.010428,funding_current_after_cost_basis_50pct_realization
2026-10-02T07:56:22+00:00,funding_spread|龙虾USDT|2026-10-02T07:54:30+00:00,funding_spread,龙虾USDT,short Bitget / long Gate,7.995700,100.00,0.039979,funding_current_after_cost_basis_50pct_realization
2026-10-02T12:59:34+00:00,funding_spread|SKHYUSDT|2026-10-02T12:57:45+00:00,funding_spread,SKHYUSDT,long Bitget / short Gate,0.285700,100.00,0.001428,funding_current_after_cost_basis_50pct_realization
2026-10-02T14:34:25+00:00,funding_spread|龙虾USDT|2026-10-02T14:32:33+00:00,funding_spread,龙虾USDT,short Bitget / long Gate,0.945700,100.00,0.004729,funding_current_after_cost_basis_50pct_realization
2026-10-02T15:53:28+00:00,funding_spread|龙虾USDT|2026-10-02T15:51:55+00:00,funding_spread,龙虾USDT,short Bitget / long Gate,8.465700,100.00,0.042329,funding_current_after_cost_basis_50pct_realization
2026-10-02T16:16:19+00:00,funding_spread|龙虾USDT|2026-10-02T16:14:21+00:00,funding_spread,龙虾USDT,short Bitget / long Gate,6.065700,100.00,0.030329,funding_current_after_cost_basis_50pct_realization
2026-10-02T18:15:49+00:00,funding_spread|龙虾USDT|2026-10-02T18:14:02+00:00,funding_spread,龙虾USDT,short Bitget / long Gate,8.915700,100.00,0.044579,funding_current_after_cost_basis_50pct_realization
2026-10-02T19:33:47+00:00,funding_spread|SANDUSDT|2026-10-02T19:31:51+00:00,funding_spread,SANDUSDT,long Bitget / short Gate,6.114500,100.00,0.030573,funding_current_after_cost_basis_50pct_realization
2026-10-02T20:22:14+00:00,funding_spread|SANDUSDT|2026-10-02T20:20:44+00:00,funding_spread,SANDUSDT,long Bitget / short Gate,2.302250,100.00,0.011511,funding_current_after_cost_basis_50pct_realization
2026-10-02T21:18:42+00:00,funding_spread|SANDUSDT|2026-10-02T21:17:07+00:00,funding_spread,SANDUSDT,long Bitget / short Gate,0.131450,100.00,0.000657,funding_current_after_cost_basis_50pct_realization
2026-10-02T22:19:06+00:00,funding_spread|SANDUSDT|2026-10-02T22:17:25+00:00,funding_spread,SANDUSDT,long Bitget / short Gate,0.821450,100.00,0.004107,funding_current_after_cost_basis_50pct_realization
2026-10-02T23:18:09+00:00,funding_spread|SANDUSDT|2026-10-02T23:16:22+00:00,funding_spread,SANDUSDT,long Bitget / short Gate,0.655700,100.00,0.003279,funding_current_after_cost_basis_50pct_realization
2026-10-03T06:35:27+00:00,funding_spread|SANDUSDT|2026-10-03T06:33:40+00:00,funding_spread,SANDUSDT,long Bitget / short Gate,10.196450,100.00,0.050982,funding_current_after_cost_basis_50pct_realization
2026-10-03T08:14:36+00:00,funding_spread|SANDUSDT|2026-10-03T08:13:07+00:00,funding_spread,SANDUSDT,long Bitget / short Gate,22.215700,100.00,0.111078,funding_current_after_cost_basis_50pct_realization
2026-10-03T15:00:32+00:00,funding_spread|QNTUSDT|2026-10-03T14:58:41+00:00,funding_spread,QNTUSDT,short Bitget / long Gate,4.426200,100.00,0.022131,funding_current_after_cost_basis_50pct_realization
2026-10-03T16:19:52+00:00,funding_spread|QNTUSDT|2026-10-03T16:18:04+00:00,funding_spread,QNTUSDT,short Bitget / long Gate,2.296200,100.00,0.011481,funding_current_after_cost_basis_50pct_realization
2026-10-03T17:13:50+00:00,funding_spread|QNTUSDT|2026-10-03T17:12:04+00:00,funding_spread,QNTUSDT,short Bitget / long Gate,3.891000,100.00,0.019455,funding_current_after_cost_basis_50pct_realization
2026-10-03T17:39:26+00:00,funding_spread|QNTUSDT|2026-10-03T17:37:35+00:00,funding_spread,QNTUSDT,short Bitget / long Gate,3.925700,100.00,0.019628,funding_current_after_cost_basis_50pct_realization
2026-10-03T18:50:05+00:00,funding_spread|QNTUSDT|2026-10-03T18:48:18+00:00,funding_spread,QNTUSDT,short Bitget / long Gate,3.430700,100.00,0.017153,funding_current_after_cost_basis_50pct_realization
2026-10-03T19:26:57+00:00,funding_spread|QNTUSDT|2026-10-03T19:25:23+00:00,funding_spread,QNTUSDT,short Bitget / long Gate,3.425700,100.00,0.017128,funding_current_after_cost_basis_50pct_realization
2026-10-03T20:14:24+00:00,funding_spread|QNTUSDT|2026-10-03T20:12:30+00:00,funding_spread,QNTUSDT,short Bitget / long Gate,3.415700,100.00,0.017078,funding_current_after_cost_basis_50pct_realization
2026-10-03T21:09:32+00:00,funding_spread|QNTUSDT|2026-10-03T21:07:46+00:00,funding_spread,QNTUSDT,short Bitget / long Gate,2.950700,100.00,0.014753,funding_current_after_cost_basis_50pct_realization
2026-10-03T21:59:44+00:00,funding_spread|QNTUSDT|2026-10-03T21:58:17+00:00,funding_spread,QNTUSDT,short Bitget / long Gate,2.955700,100.00,0.014778,funding_current_after_cost_basis_50pct_realization
2026-10-03T23:16:31+00:00,funding_spread|QNTUSDT|2026-10-03T23:14:48+00:00,funding_spread,QNTUSDT,short Bitget / long Gate,2.870700,100.00,0.014353,funding_current_after_cost_basis_50pct_realization
2026-10-04T00:41:05+00:00,funding_spread|QNTUSDT|2026-10-04T00:39:14+00:00,funding_spread,QNTUSDT,short Bitget / long Gate,2.990700,100.00,0.014953,funding_current_after_cost_basis_50pct_realization
2026-10-04T02:50:31+00:00,funding_spread|QNTUSDT|2026-10-04T02:48:42+00:00,funding_spread,QNTUSDT,short Bitget / long Gate,3.825700,100.00,0.019128,funding_current_after_cost_basis_50pct_realization
2026-10-04T06:27:46+00:00,funding_spread|QNTUSDT|2026-10-04T06:25:57+00:00,funding_spread,QNTUSDT,short Bitget / long Gate,3.980700,100.00,0.019904,funding_current_after_cost_basis_50pct_realization
2026-10-04T06:47:30+00:00,funding_spread|QNTUSDT|2026-10-04T06:45:56+00:00,funding_spread,QNTUSDT,short Bitget / long Gate,3.945700,100.00,0.019728,funding_current_after_cost_basis_50pct_realization
2026-10-04T09:20:19+00:00,funding_spread|QNTUSDT|2026-10-04T09:18:26+00:00,funding_spread,QNTUSDT,short Bitget / long Gate,5.085700,100.00,0.025428,funding_current_after_cost_basis_50pct_realization
2026-10-04T12:45:01+00:00,funding_spread|QNTUSDT|2026-10-04T12:43:06+00:00,funding_spread,QNTUSDT,short Bitget / long Gate,4.895700,100.00,0.024479,funding_current_after_cost_basis_50pct_realization
2026-10-04T13:10:39+00:00,funding_spread|QNTUSDT|2026-10-04T13:08:42+00:00,funding_spread,QNTUSDT,short Bitget / long Gate,4.635700,100.00,0.023179,funding_current_after_cost_basis_50pct_realization
2026-10-04T14:57:11+00:00,funding_spread|QNTUSDT|2026-10-04T14:55:27+00:00,funding_spread,QNTUSDT,short Bitget / long Gate,3.965700,100.00,0.019828,funding_current_after_cost_basis_50pct_realization
2026-10-04T17:16:28+00:00,funding_spread|QNTUSDT|2026-10-04T17:14:54+00:00,funding_spread,QNTUSDT,short Bitget / long Gate,7.120700,100.00,0.035604,funding_current_after_cost_basis_50pct_realization
2026-10-04T18:07:40+00:00,funding_spread|QNTUSDT|2026-10-04T18:05:51+00:00,funding_spread,QNTUSDT,short Bitget / long Gate,5.780700,100.00,0.028904,funding_current_after_cost_basis_50pct_realization
2026-10-04T18:36:48+00:00,funding_spread|QNTUSDT|2026-10-04T18:34:58+00:00,funding_spread,QNTUSDT,short Bitget / long Gate,6.205700,100.00,0.031029,funding_current_after_cost_basis_50pct_realization
2026-10-04T20:15:28+00:00,funding_spread|QNTUSDT|2026-10-04T20:14:05+00:00,funding_spread,QNTUSDT,short Bitget / long Gate,5.600700,100.00,0.028004,funding_current_after_cost_basis_50pct_realization
2026-10-04T21:20:34+00:00,funding_spread|QNTUSDT|2026-10-04T21:19:01+00:00,funding_spread,QNTUSDT,short Bitget / long Gate,6.035700,100.00,0.030179,funding_current_after_cost_basis_50pct_realization
2026-10-04T21:59:19+00:00,funding_spread|QNTUSDT|2026-10-04T21:57:31+00:00,funding_spread,QNTUSDT,short Bitget / long Gate,5.990700,100.00,0.029954,funding_current_after_cost_basis_50pct_realization
2026-10-04T23:12:28+00:00,funding_spread|QNTUSDT|2026-10-04T23:10:44+00:00,funding_spread,QNTUSDT,short Bitget / long Gate,5.070700,100.00,0.025354,funding_current_after_cost_basis_50pct_realization
2026-10-04T23:28:58+00:00,funding_spread|QNTUSDT|2026-10-04T23:27:12+00:00,funding_spread,QNTUSDT,short Bitget / long Gate,4.970700,100.00,0.024854,funding_current_after_cost_basis_50pct_realization
2026-10-05T00:49:41+00:00,funding_spread|QNTUSDT|2026-10-05T00:47:49+00:00,funding_spread,QNTUSDT,short Bitget / long Gate,7.595700,100.00,0.037979,funding_current_after_cost_basis_50pct_realization
2026-10-05T00:56:53+00:00,funding_spread|QNTUSDT|2026-10-05T00:55:06+00:00,funding_spread,QNTUSDT,short Bitget / long Gate,7.760700,100.00,0.038803,funding_current_after_cost_basis_50pct_realization
2026-10-05T01:58:41+00:00,funding_spread|QNTUSDT|2026-10-05T01:57:02+00:00,funding_spread,QNTUSDT,short Bitget / long Gate,8.225700,100.00,0.041128,funding_current_after_cost_basis_50pct_realization
2026-10-05T02:18:16+00:00,funding_spread|QNTUSDT|2026-10-05T02:16:26+00:00,funding_spread,QNTUSDT,short Bitget / long Gate,7.490700,100.00,0.037454,funding_current_after_cost_basis_50pct_realization
2026-10-05T06:41:30+00:00,funding_spread|QNTUSDT|2026-10-05T06:39:56+00:00,funding_spread,QNTUSDT,short Bitget / long Gate,2.680700,100.00,0.013404,funding_current_after_cost_basis_50pct_realization
2026-10-05T06:55:56+00:00,funding_spread|QNTUSDT|2026-10-05T06:53:59+00:00,funding_spread,QNTUSDT,short Bitget / long Gate,2.770700,100.00,0.013853,funding_current_after_cost_basis_50pct_realization
2026-10-05T07:54:05+00:00,funding_spread|QNTUSDT|2026-10-05T07:52:12+00:00,funding_spread,QNTUSDT,short Bitget / long Gate,3.100700,100.00,0.015503,funding_current_after_cost_basis_50pct_realization
2026-10-05T09:24:06+00:00,funding_spread|QNTUSDT|2026-10-05T09:22:37+00:00,funding_spread,QNTUSDT,short Bitget / long Gate,1.045700,100.00,0.005229,funding_current_after_cost_basis_50pct_realization
2026-10-05T15:20:14+00:00,funding_spread|QNTUSDT|2026-10-05T15:18:21+00:00,funding_spread,QNTUSDT,short Bitget / long Gate,3.045700,100.00,0.015228,funding_current_after_cost_basis_50pct_realization
2026-10-05T15:55:51+00:00,funding_spread|QNTUSDT|2026-10-05T15:54:02+00:00,funding_spread,QNTUSDT,short Bitget / long Gate,2.890700,100.00,0.014453,funding_current_after_cost_basis_50pct_realization
